Num,sheet_id,page,slot,slot_name,image_path,char,yomi,style,note,set,,,
2,梅艶昔年枝_1,1,1,right_top,data/images/KAI_p001_01.png,梅,うめ,楷書,,梅艶昔年枝,O,2,O
3,梅艶昔年枝_2,1,2,right_middle,data/images/KAI_p001_02.png,艶,つや,楷書,,梅艶昔年枝,O,2,O
4,梅艶昔年枝_3,1,3,right_bottom,data/images/KAI_p001_03.png,昔,むかし,楷書,,梅艶昔年枝,O,2,O
5,梅艶昔年枝_4,1,4,left_top,data/images/KAI_p001_04.png,年,ねん,楷書,,梅艶昔年枝,O,2,O
6,梅艶昔年枝_5,1,5,left_middle,data/images/KAI_p001_05.png,枝,えだ,楷書,,梅艶昔年枝,O,2,O
7,早雁拂金河_1,2,1,right_top,data/images/KAI_p002_01.png,早,そう,楷書,,早雁拂金河,X,7,O
8,早雁拂金河_2,2,2,right_middle,data/images/KAI_p002_02.png,雁,がん,楷書,,早雁拂金河,X,7,O
9,早雁拂金河_3,2,3,right_bottom,data/images/KAI_p002_03.png,拂,ふつ,楷書,払,早雁拂金河,X,7,O
10,早雁拂金河_4,2,4,left_top,data/images/KAI_p002_04.png,金,きん,楷書,,早雁拂金河,X,7,O
11,早雁拂金河_5,2,5,left_middle,data/images/KAI_p002_05.png,河,かわ,楷書,,早雁拂金河,X,7,O
12,移竹喜微陰_1,3,1,right_top,data/images/KAI_p003_01.png,移,い,楷書,,移竹喜微陰,X,12,O
13,移竹喜微陰_2,3,2,right_middle,data/images/KAI_p003_02.png,竹,たけ,楷書,,移竹喜微陰,X,12,O
14,移竹喜微陰_3,3,3,right_bottom,data/images/KAI_p003_03.png,喜,き,楷書,,移竹喜微陰,X,12,O
15,移竹喜微陰_4,3,4,left_top,data/images/KAI_p003_04.png,微,び,楷書,,移竹喜微陰,X,12,O
16,移竹喜微陰_5,3,5,left_middle,data/images/KAI_p003_05.png,陰,いん,楷書,,移竹喜微陰,X,12,O
17,清坐契心賞_1,4,1,right_top,data/images/KAI_p004_01.png,清,きよし,楷書,,清坐契心賞,O,17,O
18,清坐契心賞_2,4,2,right_middle,data/images/KAI_p004_02.png,坐,ざ,楷書,,清坐契心賞,O,17,O
19,清坐契心賞_3,4,3,right_bottom,data/images/KAI_p004_03.png,契,けい,楷書,,清坐契心賞,O,17,O
20,清坐契心賞_4,4,4,left_top,data/images/KAI_p004_04.png,心,こころ,楷書,,清坐契心賞,O,17,O
21,清坐契心賞_5,4,5,left_middle,data/images/KAI_p004_05.png,賞,しょう,楷書,,清坐契心賞,O,17,O
22,保合播春風_1,5,1,right_top,data/images/KAI_p005_01.png,保,ほ,楷書,,保合播春風,O,22,O
23,保合播春風_2,5,2,right_middle,data/images/KAI_p005_02.png,合,ごう,楷書,,保合播春風,O,22,O
24,保合播春風_3,5,3,right_bottom,data/images/KAI_p005_03.png,播,ばん,楷書,,保合播春風,O,22,O
25,保合播春風_4,5,4,left_top,data/images/KAI_p005_04.png,春,はる,楷書,,保合播春風,O,22,O
26,保合播春風_5,5,5,left_middle,data/images/KAI_p005_05.png,風,かぜ,楷書,,保合播春風,O,22,O
27,松竹助清幽_1,6,1,right_top,data/images/KAI_p006_01.png,松,まつ,楷書,,松竹助清幽,X,27,O
28,松竹助清幽_2,6,2,right_middle,data/images/KAI_p006_02.png,竹,たけ,楷書,,松竹助清幽,X,27,O
29,松竹助清幽_3,6,3,right_bottom,data/images/KAI_p006_03.png,助,じょ,楷書,,松竹助清幽,X,27,O
30,松竹助清幽_4,6,4,left_top,data/images/KAI_p006_04.png,清,きよし,楷書,,松竹助清幽,X,27,O
31,松竹助清幽_5,6,5,left_middle,data/images/KAI_p006_05.png,幽,ゆう,楷書,,松竹助清幽,X,27,O
32,黄鳥話春深_1,7,1,right_top,data/images/KAI_p007_01.png,黄,き,楷書,,黄鳥話春深,O,32,O
33,黄鳥話春深_2,7,2,right_middle,data/images/KAI_p007_02.png,鳥,とり,楷書,,黄鳥話春深,O,32,O
34,黄鳥話春深_3,7,3,right_bottom,data/images/KAI_p007_03.png,話,はなし,楷書,,黄鳥話春深,O,32,O
35,黄鳥話春深_4,7,4,left_top,data/images/KAI_p007_04.png,春,はる,楷書,,黄鳥話春深,O,32,O
36,黄鳥話春深_5,7,5,left_middle,data/images/KAI_p007_05.png,深,しん,楷書,,黄鳥話春深,O,32,O
37,秋風枝上鮮_1,8,1,right_top,data/images/KAI_p008_01.png,秋,あき,楷書,,秋風枝上鮮,X,37,O
38,秋風枝上鮮_2,8,2,right_middle,data/images/KAI_p008_02.png,風,かぜ,楷書,,秋風枝上鮮,X,37,O
39,秋風枝上鮮_3,8,3,right_bottom,data/images/KAI_p008_03.png,枝,えだ,楷書,,秋風枝上鮮,X,37,O
40,秋風枝上鮮_4,8,4,left_top,data/images/KAI_p008_04.png,上,うえ,楷書,,秋風枝上鮮,X,37,O
41,秋風枝上鮮_5,8,5,left_middle,data/images/KAI_p008_05.png,鮮,せん,楷書,,秋風枝上鮮,X,37,O
42,萬家太平春_1,9,1,right_top,data/images/KAI_p009_01.png,萬,まん,楷書,,萬家太平春,X,42,O
43,萬家太平春_2,9,2,right_middle,data/images/KAI_p009_02.png,家,いえ,楷書,,萬家太平春,X,42,O
44,萬家太平春_3,9,3,right_bottom,data/images/KAI_p009_03.png,太,た,楷書,,萬家太平春,X,42,O
45,萬家太平春_4,9,4,left_top,data/images/KAI_p009_04.png,平,たいら,楷書,,萬家太平春,X,42,O
46,萬家太平春_5,9,5,left_middle,data/images/KAI_p009_05.png,春,はる,楷書,,萬家太平春,X,42,O
47,白雲還自散_1,10,1,right_top,data/images/KAI_p010_01.png,白,しろ,楷書,,白雲還自散,X,47,O
48,白雲還自散_2,10,2,right_middle,data/images/KAI_p010_02.png,雲,くも,楷書,,白雲還自散,X,47,O
49,白雲還自散_3,10,3,right_bottom,data/images/KAI_p010_03.png,還,かん,楷書,,白雲還自散,X,47,O
50,白雲還自散_4,10,4,left_top,data/images/KAI_p010_04.png,自,じ,楷書,,白雲還自散,X,47,O
51,白雲還自散_5,10,5,left_middle,data/images/KAI_p010_05.png,散,さん,楷書,,白雲還自散,X,47,O
52,千峰紅葉村_1,11,1,right_top,data/images/KAI_p011_01.png,千,せん,楷書,,千峰紅葉村,O,52,O
53,千峰紅葉村_2,11,2,right_middle,data/images/KAI_p011_02.png,峰,みね,楷書,,千峰紅葉村,O,52,O
54,千峰紅葉村_3,11,3,right_bottom,data/images/KAI_p011_03.png,紅,くれない,楷書,,千峰紅葉村,O,52,O
55,千峰紅葉村_4,11,4,left_top,data/images/KAI_p011_04.png,葉,は,楷書,,千峰紅葉村,O,52,O
56,千峰紅葉村_5,11,5,left_middle,data/images/KAI_p011_05.png,村,むら,楷書,,千峰紅葉村,O,52,O
57,日晒硯池氷_1,12,1,right_top,data/images/KAI_p012_01.png,日,にち,楷書,,日晒硯池氷,X,57,O
58,日晒硯池氷_2,12,2,right_middle,data/images/KAI_p012_02.png,晒,さらし,楷書,,日晒硯池氷,X,57,O
59,日晒硯池氷_3,12,3,right_bottom,data/images/KAI_p012_03.png,硯,すずり,楷書,,日晒硯池氷,X,57,O
60,日晒硯池氷_4,12,4,left_top,data/images/KAI_p012_04.png,池,いけ,楷書,,日晒硯池氷,X,57,O
61,日晒硯池氷_5,12,5,left_middle,data/images/KAI_p012_05.png,氷,こおり,楷書,,日晒硯池氷,X,57,O
62,新庭松桂香_1,13,1,right_top,data/images/KAI_p013_01.png,新,しん,楷書,,新庭松桂香,X,62,O
63,新庭松桂香_2,13,2,right_middle,data/images/KAI_p013_02.png,庭,にわ,楷書,,新庭松桂香,X,62,O
64,新庭松桂香_3,13,3,right_bottom,data/images/KAI_p013_03.png,松,まつ,楷書,,新庭松桂香,X,62,O
65,新庭松桂香_4,13,4,left_top,data/images/KAI_p013_04.png,桂,かつら,楷書,,新庭松桂香,X,62,O
66,新庭松桂香_5,13,5,left_middle,data/images/KAI_p013_05.png,香,かおり,楷書,,新庭松桂香,X,62,O
67,茶話坐忘機_1,14,1,right_top,data/images/KAI_p014_01.png,茶,ちゃ,楷書,,茶話坐忘機,X,67,O
68,茶話坐忘機_2,14,2,right_middle,data/images/KAI_p014_02.png,話,はなし,楷書,,茶話坐忘機,X,67,O
69,茶話坐忘機_3,14,3,right_bottom,data/images/KAI_p014_03.png,坐,ざ,楷書,,茶話坐忘機,X,67,O
70,茶話坐忘機_4,14,4,left_top,data/images/KAI_p014_04.png,忘,ぼう,楷書,,茶話坐忘機,X,67,O
71,茶話坐忘機_5,14,5,left_middle,data/images/KAI_p014_05.png,機,き,楷書,,茶話坐忘機,X,67,O
72,竹細野池幽_1,15,1,right_top,data/images/KAI_p015_01.png,竹,たけ,楷書,,竹細野池幽,O,72,O
73,竹細野池幽_2,15,2,right_middle,data/images/KAI_p015_02.png,細,さい,楷書,,竹細野池幽,O,72,O
74,竹細野池幽_3,15,3,right_bottom,data/images/KAI_p015_03.png,野,の,楷書,,竹細野池幽,O,72,O
75,竹細野池幽_4,15,4,left_top,data/images/KAI_p015_04.png,池,いけ,楷書,,竹細野池幽,O,72,O
76,竹細野池幽_5,15,5,left_middle,data/images/KAI_p015_05.png,幽,ゆう,楷書,,竹細野池幽,O,72,O
77,木葉動秋聲_1,16,1,right_top,data/images/KAI_p016_01.png,木,き,楷書,,木葉動秋聲,X,77,O
78,木葉動秋聲_2,16,2,right_middle,data/images/KAI_p016_02.png,葉,は,楷書,,木葉動秋聲,X,77,O
79,木葉動秋聲_3,16,3,right_bottom,data/images/KAI_p016_03.png,動,どう,楷書,,木葉動秋聲,X,77,O
80,木葉動秋聲_4,16,4,left_top,data/images/KAI_p016_04.png,秋,あき,楷書,,木葉動秋聲,X,77,O
81,木葉動秋聲_5,16,5,left_middle,data/images/KAI_p016_05.png,聲,こえ,楷書,,木葉動秋聲,X,77,O
82,寒窓夢不成_1,17,1,right_top,data/images/KAI_p017_01.png,寒,かん,楷書,,寒窓夢不成,X,82,O
83,寒窓夢不成_2,17,2,right_middle,data/images/KAI_p017_02.png,窓,まど,楷書,,寒窓夢不成,X,82,O
84,寒窓夢不成_3,17,3,right_bottom,data/images/KAI_p017_03.png,夢,ゆめ,楷書,,寒窓夢不成,X,82,O
85,寒窓夢不成_4,17,4,left_top,data/images/KAI_p017_04.png,不,ふ,楷書,,寒窓夢不成,X,82,O
86,寒窓夢不成_5,17,5,left_middle,data/images/KAI_p017_05.png,成,せい,楷書,,寒窓夢不成,X,82,O
87,松閒照新月_1,18,1,right_top,data/images/KAI_p018_01.png,松,まつ,楷書,,松閒照新月,X,87,O
88,松閒照新月_2,18,2,right_middle,data/images/KAI_p018_02.png,閒,かん,楷書,間,松閒照新月,X,87,O
89,松閒照新月_3,18,3,right_bottom,data/images/KAI_p018_03.png,照,しょう,楷書,,松閒照新月,X,87,O
90,松閒照新月_4,18,4,left_top,data/images/KAI_p018_04.png,新,しん,楷書,,松閒照新月,X,87,O
91,松閒照新月_5,18,5,left_middle,data/images/KAI_p018_05.png,月,がつ,楷書,,松閒照新月,X,87,O
92,言温而氣和_1,19,1,right_top,data/images/KAI_p019_01.png,言,げん,楷書,,言温而氣和,O,92,O
93,言温而氣和_2,19,2,right_middle,data/images/KAI_p019_02.png,温,おん,楷書,,言温而氣和,O,92,O
94,言温而氣和_3,19,3,right_bottom,data/images/KAI_p019_03.png,而,じ,楷書,,言温而氣和,O,92,O
95,言温而氣和_4,19,4,left_top,data/images/KAI_p019_04.png,氣,き,楷書,気,言温而氣和,O,92,O
96,言温而氣和_5,19,5,left_middle,data/images/KAI_p019_05.png,和,わ,楷書,,言温而氣和,O,92,O
97,髙潔雲入情_1,20,1,right_top,data/images/KAI_p020_01.png,髙,たか,楷書,高,髙潔雲入情,O,97,O
98,髙潔雲入情_2,20,2,right_middle,data/images/KAI_p020_02.png,潔,きよし,楷書,,髙潔雲入情,O,97,O
99,髙潔雲入情_3,20,3,right_bottom,data/images/KAI_p020_03.png,雲,くも,楷書,,髙潔雲入情,O,97,O
100,髙潔雲入情_4,20,4,left_top,data/images/KAI_p020_04.png,入,にゅう,楷書,,髙潔雲入情,O,97,O
101,髙潔雲入情_5,20,5,left_middle,data/images/KAI_p020_05.png,情,じょう,楷書,,髙潔雲入情,O,97,O
102,陽暉爍四野_1,21,1,right_top,data/images/KAI_p021_01.png,陽,よう,楷書,,陽暉爍四野,O,102,O
103,陽暉爍四野_2,21,2,right_middle,data/images/KAI_p021_02.png,暉,き,楷書,,陽暉爍四野,O,102,O
104,陽暉爍四野_3,21,3,right_bottom,data/images/KAI_p021_03.png,爍,しゃく,楷書,,陽暉爍四野,O,102,O
105,陽暉爍四野_4,21,4,left_top,data/images/KAI_p021_04.png,四,し,楷書,,陽暉爍四野,O,102,O
106,陽暉爍四野_5,21,5,left_middle,data/images/KAI_p021_05.png,野,の,楷書,,陽暉爍四野,O,102,O
107,太和呈景運_1,22,1,right_top,data/images/KAI_p022_01.png,太,た,楷書,,太和呈景運,O,107,O
108,太和呈景運_2,22,2,right_middle,data/images/KAI_p022_02.png,和,わ,楷書,,太和呈景運,O,107,O
109,太和呈景運_3,22,3,right_bottom,data/images/KAI_p022_03.png,呈,てい,楷書,,太和呈景運,O,107,O
110,太和呈景運_4,22,4,left_top,data/images/KAI_p022_04.png,景,けい,楷書,,太和呈景運,O,107,O
111,太和呈景運_5,22,5,left_middle,data/images/KAI_p022_05.png,運,うん,楷書,,太和呈景運,O,107,O
112,陽暉爍四野_1,23,1,right_top,data/images/KAI_p023_01.png,陽,よう,楷書,,陽暉爍四野,O,102,X
113,陽暉爍四野_2,23,2,right_middle,data/images/KAI_p023_02.png,暉,き,楷書,,陽暉爍四野,O,102,X
114,陽暉爍四野_3,23,3,right_bottom,data/images/KAI_p023_03.png,爍,しゃく,楷書,,陽暉爍四野,O,102,X
115,陽暉爍四野_4,23,4,left_top,data/images/KAI_p023_04.png,四,し,楷書,,陽暉爍四野,O,102,X
116,陽暉爍四野_5,23,5,left_middle,data/images/KAI_p023_05.png,野,の,楷書,,陽暉爍四野,O,102,X
117,烟雲冷硯池_1,24,1,right_top,data/images/KAI_p024_01.png,烟,けむり,楷書,,烟雲冷硯池,X,117,O
118,烟雲冷硯池_2,24,2,right_middle,data/images/KAI_p024_02.png,雲,くも,楷書,,烟雲冷硯池,X,117,O
119,烟雲冷硯池_3,24,3,right_bottom,data/images/KAI_p024_03.png,冷,れい,楷書,,烟雲冷硯池,X,117,O
120,烟雲冷硯池_4,24,4,left_top,data/images/KAI_p024_04.png,硯,すずり,楷書,,烟雲冷硯池,X,117,O
121,烟雲冷硯池_5,24,5,left_middle,data/images/KAI_p024_05.png,池,いけ,楷書,,烟雲冷硯池,X,117,O
122,雁字寫秋雲_1,25,1,right_top,data/images/KAI_p025_01.png,雁,がん,楷書,,雁字寫秋雲,X,122,O
123,雁字寫秋雲_2,25,2,right_middle,data/images/KAI_p025_02.png,字,じ,楷書,,雁字寫秋雲,X,122,O
124,雁字寫秋雲_3,25,3,right_bottom,data/images/KAI_p025_03.png,寫,しゃ,楷書,写,雁字寫秋雲,X,122,O
125,雁字寫秋雲_4,25,4,left_top,data/images/KAI_p025_04.png,秋,あき,楷書,,雁字寫秋雲,X,122,O
126,雁字寫秋雲_5,25,5,left_middle,data/images/KAI_p025_05.png,雲,くも,楷書,,雁字寫秋雲,X,122,O
127,禅房花木深_1,26,1,right_top,data/images/KAI_p026_01.png,禅,ぜん,楷書,,禅房花木深,X,127,O
128,禅房花木深_2,26,2,right_middle,data/images/KAI_p026_02.png,房,ぼう,楷書,,禅房花木深,X,127,O
129,禅房花木深_3,26,3,right_bottom,data/images/KAI_p026_03.png,花,はな,楷書,,禅房花木深,X,127,O
130,禅房花木深_4,26,4,left_top,data/images/KAI_p026_04.png,木,き,楷書,,禅房花木深,X,127,O
131,禅房花木深_5,26,5,left_middle,data/images/KAI_p026_05.png,深,しん,楷書,,禅房花木深,X,127,O
132,葉落楓千樹_1,27,1,right_top,data/images/KAI_p027_01.png,葉,は,楷書,,葉落楓千樹,X,132,O
133,葉落楓千樹_2,27,2,right_middle,data/images/KAI_p027_02.png,落,らく,楷書,,葉落楓千樹,X,132,O
134,葉落楓千樹_3,27,3,right_bottom,data/images/KAI_p027_03.png,楓,もみじ,楷書,,葉落楓千樹,X,132,O
135,葉落楓千樹_4,27,4,left_top,data/images/KAI_p027_04.png,千,せん,楷書,,葉落楓千樹,X,132,O
136,葉落楓千樹_5,27,5,left_middle,data/images/KAI_p027_05.png,樹,き,楷書,,葉落楓千樹,X,132,O
137,髙潔雲入情_1,28,1,right_top,data/images/KAI_p028_01.png,髙,たか,楷書,高,髙潔雲入情,O,97,X
138,髙潔雲入情_2,28,2,right_middle,data/images/KAI_p028_02.png,潔,きよし,楷書,,髙潔雲入情,O,97,X
139,髙潔雲入情_3,28,3,right_bottom,data/images/KAI_p028_03.png,雲,くも,楷書,,髙潔雲入情,O,97,X
140,髙潔雲入情_4,28,4,left_top,data/images/KAI_p028_04.png,入,にゅう,楷書,,髙潔雲入情,O,97,X
141,髙潔雲入情_5,28,5,left_middle,data/images/KAI_p028_05.png,情,じょう,楷書,,髙潔雲入情,O,97,X
142,蒲酒話昇平_1,29,1,right_top,data/images/KAI_p029_01.png,蒲,かま,楷書,,蒲酒話昇平,X,142,O
143,蒲酒話昇平_2,29,2,right_middle,data/images/KAI_p029_02.png,酒,さけ,楷書,,蒲酒話昇平,X,142,O
144,蒲酒話昇平_3,29,3,right_bottom,data/images/KAI_p029_03.png,話,はなし,楷書,,蒲酒話昇平,X,142,O
145,蒲酒話昇平_4,29,4,left_top,data/images/KAI_p029_04.png,昇,のぼる,楷書,,蒲酒話昇平,X,142,O
146,蒲酒話昇平_5,29,5,left_middle,data/images/KAI_p029_05.png,平,たいら,楷書,,蒲酒話昇平,X,142,O
147,雅意在丘壁_1,30,1,right_top,data/images/KAI_p030_01.png,雅,まさ,楷書,,雅意在丘壁,X,147,O
148,雅意在丘壁_2,30,2,right_middle,data/images/KAI_p030_02.png,意,い,楷書,,雅意在丘壁,X,147,O
149,雅意在丘壁_3,30,3,right_bottom,data/images/KAI_p030_03.png,在,ざい,楷書,,雅意在丘壁,X,147,O
150,雅意在丘壁_4,30,4,left_top,data/images/KAI_p030_04.png,丘,おか,楷書,,雅意在丘壁,X,147,O
151,雅意在丘壁_5,30,5,left_middle,data/images/KAI_p030_05.png,壁,かべ,楷書,,雅意在丘壁,X,147,O
152,明月輝林道_1,31,1,right_top,data/images/KAI_p031_01.png,明,めい,楷書,,明月輝林道,X,152,O
153,明月輝林道_2,31,2,right_middle,data/images/KAI_p031_02.png,月,がつ,楷書,,明月輝林道,X,152,O
154,明月輝林道_3,31,3,right_bottom,data/images/KAI_p031_03.png,輝,てる,楷書,,明月輝林道,X,152,O
155,明月輝林道_4,31,4,left_top,data/images/KAI_p031_04.png,林,はやし,楷書,,明月輝林道,X,152,O
156,明月輝林道_5,31,5,left_middle,data/images/KAI_p031_05.png,道,みち,楷書,,明月輝林道,X,152,O
157,心正則筆正_1,32,1,right_top,data/images/KAI_p032_01.png,心,こころ,楷書,,心正則筆正,X,157,O
158,心正則筆正_2,32,2,right_middle,data/images/KAI_p032_02.png,正,せい,楷書,,心正則筆正,X,157,O
159,心正則筆正_3,32,3,right_bottom,data/images/KAI_p032_03.png,則,のり,楷書,,心正則筆正,X,157,O
160,心正則筆正_4,32,4,left_top,data/images/KAI_p032_04.png,筆,ふで,楷書,,心正則筆正,X,157,O
161,心正則筆正_5,32,5,left_middle,data/images/KAI_p032_05.png,正,せい,楷書,,心正則筆正,X,157,O
162,昇平多楽事_1,33,1,right_top,data/images/KAI_p033_01.png,昇,のぼる,楷書,,昇平多楽事,O,162,O
163,昇平多楽事_2,33,2,right_middle,data/images/KAI_p033_02.png,平,たいら,楷書,,昇平多楽事,O,162,O
164,昇平多楽事_3,33,3,right_bottom,data/images/KAI_p033_03.png,多,た,楷書,,昇平多楽事,O,162,O
165,昇平多楽事_4,33,4,left_top,data/images/KAI_p033_04.png,楽,らく,楷書,,昇平多楽事,O,162,O
166,昇平多楽事_5,33,5,left_middle,data/images/KAI_p033_05.png,事,こと,楷書,,昇平多楽事,O,162,O
167,野菊淡秋心_1,34,1,right_top,data/images/KAI_p034_01.png,野,の,楷書,,野菊淡秋心,O,167,O
168,野菊淡秋心_2,34,2,right_middle,data/images/KAI_p034_02.png,菊,きく,楷書,,野菊淡秋心,O,167,O
169,野菊淡秋心_3,34,3,right_bottom,data/images/KAI_p034_03.png,淡,たん,楷書,,野菊淡秋心,O,167,O
170,野菊淡秋心_4,34,4,left_top,data/images/KAI_p034_04.png,秋,あき,楷書,,野菊淡秋心,O,167,O
171,野菊淡秋心_5,34,5,left_middle,data/images/KAI_p034_05.png,心,こころ,楷書,,野菊淡秋心,O,167,O
172,萬歳寿而康_1,35,1,right_top,data/images/KAI_p035_01.png,萬,まん,楷書,,萬歳寿而康,X,172,O
173,萬歳寿而康_2,35,2,right_middle,data/images/KAI_p035_02.png,歳,とし,楷書,,萬歳寿而康,X,172,O
174,萬歳寿而康_3,35,3,right_bottom,data/images/KAI_p035_03.png,寿,ひさし,楷書,,萬歳寿而康,X,172,O
175,萬歳寿而康_4,35,4,left_top,data/images/KAI_p035_04.png,而,じ,楷書,,萬歳寿而康,X,172,O
176,萬歳寿而康_5,35,5,left_middle,data/images/KAI_p035_05.png,康,やすし,楷書,,萬歳寿而康,X,172,O
177,松竹水聲涼_1,36,1,right_top,data/images/KAI_p036_01.png,松,まつ,楷書,,松竹水聲涼,O,177,O
178,松竹水聲涼_2,36,2,right_middle,data/images/KAI_p036_02.png,竹,たけ,楷書,,松竹水聲涼,O,177,O
179,松竹水聲涼_3,36,3,right_bottom,data/images/KAI_p036_03.png,水,みず,楷書,,松竹水聲涼,O,177,O
180,松竹水聲涼_4,36,4,left_top,data/images/KAI_p036_04.png,聲,こえ,楷書,,松竹水聲涼,O,177,O
181,松竹水聲涼_5,36,5,left_middle,data/images/KAI_p036_05.png,涼,りょう,楷書,,松竹水聲涼,O,177,O
182,弄琴宜在夜_1,37,1,right_top,data/images/KAI_p037_01.png,弄,ろう,楷書,,弄琴宜在夜,X,182,O
183,弄琴宜在夜_2,37,2,right_middle,data/images/KAI_p037_02.png,琴,こん,楷書,,弄琴宜在夜,X,182,O
184,弄琴宜在夜_3,37,3,right_bottom,data/images/KAI_p037_03.png,宜,ぎ,楷書,,弄琴宜在夜,X,182,O
185,弄琴宜在夜_4,37,4,left_top,data/images/KAI_p037_04.png,在,ざい,楷書,,弄琴宜在夜,X,182,O
186,弄琴宜在夜_5,37,5,left_middle,data/images/KAI_p037_05.png,夜,よる,楷書,,弄琴宜在夜,X,182,O
187,涼雨消炎煥_1,38,1,right_top,data/images/KAI_p038_01.png,涼,りょう,楷書,,涼雨消炎煥,X,187,O
188,涼雨消炎煥_2,38,2,right_middle,data/images/KAI_p038_02.png,雨,あめ,楷書,,涼雨消炎煥,X,187,O
189,涼雨消炎煥_3,38,3,right_bottom,data/images/KAI_p038_03.png,消,しょう,楷書,,涼雨消炎煥,X,187,O
190,涼雨消炎煥_4,38,4,left_top,data/images/KAI_p038_04.png,炎,ほのお,楷書,,涼雨消炎煥,X,187,O
191,涼雨消炎煥_5,38,5,left_middle,data/images/KAI_p038_05.png,煥,かん,楷書,,涼雨消炎煥,X,187,O
192,千峰紅葉村_1,39,1,right_top,data/images/KAI_p039_01.png,千,せん,楷書,,千峰紅葉村,O,52,X
193,千峰紅葉村_2,39,2,right_middle,data/images/KAI_p039_02.png,峰,みね,楷書,,千峰紅葉村,O,52,X
194,千峰紅葉村_3,39,3,right_bottom,data/images/KAI_p039_03.png,紅,くれない,楷書,,千峰紅葉村,O,52,X
195,千峰紅葉村_4,39,4,left_top,data/images/KAI_p039_04.png,葉,は,楷書,,千峰紅葉村,O,52,X
196,千峰紅葉村_5,39,5,left_middle,data/images/KAI_p039_05.png,村,むら,楷書,,千峰紅葉村,O,52,X
197,清秋最可人_1,40,1,right_top,data/images/KAI_p040_01.png,清,きよし,楷書,,清秋最可人,X,197,O
198,清秋最可人_2,40,2,right_middle,data/images/KAI_p040_02.png,秋,あき,楷書,,清秋最可人,X,197,O
199,清秋最可人_3,40,3,right_bottom,data/images/KAI_p040_03.png,最,さい,楷書,,清秋最可人,X,197,O
200,清秋最可人_4,40,4,left_top,data/images/KAI_p040_04.png,可,か,楷書,,清秋最可人,X,197,O
201,清秋最可人_5,40,5,left_middle,data/images/KAI_p040_05.png,人,にん,楷書,,清秋最可人,X,197,O
202,瑶草三秋色_1,41,1,right_top,data/images/KAI_p041_01.png,瑶,よう,楷書,,瑶草三秋色,O,202,O
203,瑶草三秋色_2,41,2,right_middle,data/images/KAI_p041_02.png,草,くさ,楷書,,瑶草三秋色,O,202,O
204,瑶草三秋色_3,41,3,right_bottom,data/images/KAI_p041_03.png,三,さん,楷書,,瑶草三秋色,O,202,O
205,瑶草三秋色_4,41,4,left_top,data/images/KAI_p041_04.png,秋,あき,楷書,,瑶草三秋色,O,202,O
206,瑶草三秋色_5,41,5,left_middle,data/images/KAI_p041_05.png,色,いろ,楷書,,瑶草三秋色,O,202,O
207,賀扇動清風_1,42,1,right_top,data/images/KAI_p042_01.png,賀,が,楷書,,賀扇動清風,X,207,O
208,賀扇動清風_2,42,2,right_middle,data/images/KAI_p042_02.png,扇,おうぎ,楷書,,賀扇動清風,X,207,O
209,賀扇動清風_3,42,3,right_bottom,data/images/KAI_p042_03.png,動,どう,楷書,,賀扇動清風,X,207,O
210,賀扇動清風_4,42,4,left_top,data/images/KAI_p042_04.png,清,きよし,楷書,,賀扇動清風,X,207,O
211,賀扇動清風_5,42,5,left_middle,data/images/KAI_p042_05.png,風,かぜ,楷書,,賀扇動清風,X,207,O
212,涼夜如清水_1,43,1,right_top,data/images/KAI_p043_01.png,涼,りょう,楷書,,涼夜如清水,X,212,O
213,涼夜如清水_2,43,2,right_middle,data/images/KAI_p043_02.png,夜,よる,楷書,,涼夜如清水,X,212,O
214,涼夜如清水_3,43,3,right_bottom,data/images/KAI_p043_03.png,如,じょ,楷書,,涼夜如清水,X,212,O
215,涼夜如清水_4,43,4,left_top,data/images/KAI_p043_04.png,清,きよし,楷書,,涼夜如清水,X,212,O
216,涼夜如清水_5,43,5,left_middle,data/images/KAI_p043_05.png,水,みず,楷書,,涼夜如清水,X,212,O
217,梅花呈秀色_1,44,1,right_top,data/images/KAI_p044_01.png,梅,うめ,楷書,,梅花呈秀色,O,217,O
218,梅花呈秀色_2,44,2,right_middle,data/images/KAI_p044_02.png,花,はな,楷書,,梅花呈秀色,O,217,O
219,梅花呈秀色_3,44,3,right_bottom,data/images/KAI_p044_03.png,呈,てい,楷書,,梅花呈秀色,O,217,O
220,梅花呈秀色_4,44,4,left_top,data/images/KAI_p044_04.png,秀,しゅう,楷書,,梅花呈秀色,O,217,O
221,梅花呈秀色_5,44,5,left_middle,data/images/KAI_p044_05.png,色,いろ,楷書,,梅花呈秀色,O,217,O
222,福生於清約_1,45,1,right_top,data/images/KAI_p045_01.png,福,ふく,楷書,,福生於清約,X,222,O
223,福生於清約_2,45,2,right_middle,data/images/KAI_p045_02.png,生,なま,楷書,,福生於清約,X,222,O
224,福生於清約_3,45,3,right_bottom,data/images/KAI_p045_03.png,於,お,楷書,,福生於清約,X,222,O
225,福生於清約_4,45,4,left_top,data/images/KAI_p045_04.png,清,きよし,楷書,,福生於清約,X,222,O
226,福生於清約_5,45,5,left_middle,data/images/KAI_p045_05.png,約,やく,楷書,,福生於清約,X,222,O
227,寒色五陵松_1,46,1,right_top,data/images/KAI_p046_01.png,寒,かん,楷書,,寒色五陵松,X,227,O
228,寒色五陵松_2,46,2,right_middle,data/images/KAI_p046_02.png,色,いろ,楷書,,寒色五陵松,X,227,O
229,寒色五陵松_3,46,3,right_bottom,data/images/KAI_p046_03.png,五,ご,楷書,,寒色五陵松,X,227,O
230,寒色五陵松_4,46,4,left_top,data/images/KAI_p046_04.png,陵,りょう,楷書,,寒色五陵松,X,227,O
231,寒色五陵松_5,46,5,left_middle,data/images/KAI_p046_05.png,松,まつ,楷書,,寒色五陵松,X,227,O
232,清坐契心賞_1,47,1,right_top,data/images/KAI_p047_01.png,清,きよし,楷書,,清坐契心賞,O,17,X
233,清坐契心賞_2,47,2,right_middle,data/images/KAI_p047_02.png,坐,ざ,楷書,,清坐契心賞,O,17,X
234,清坐契心賞_3,47,3,right_bottom,data/images/KAI_p047_03.png,契,けい,楷書,,清坐契心賞,O,17,X
235,清坐契心賞_4,47,4,left_top,data/images/KAI_p047_04.png,心,こころ,楷書,,清坐契心賞,O,17,X
236,清坐契心賞_5,47,5,left_middle,data/images/KAI_p047_05.png,賞,しょう,楷書,,清坐契心賞,O,17,X
237,筆硯得佳友_1,48,1,right_top,data/images/KAI_p048_01.png,筆,ふで,楷書,,筆硯得佳友,X,237,O
238,筆硯得佳友_2,48,2,right_middle,data/images/KAI_p048_02.png,硯,すずり,楷書,,筆硯得佳友,X,237,O
239,筆硯得佳友_3,48,3,right_bottom,data/images/KAI_p048_03.png,得,え,楷書,,筆硯得佳友,X,237,O
240,筆硯得佳友_4,48,4,left_top,data/images/KAI_p048_04.png,佳,か,楷書,,筆硯得佳友,X,237,O
241,筆硯得佳友_5,48,5,left_middle,data/images/KAI_p048_05.png,友,とも,楷書,,筆硯得佳友,X,237,O
242,桃花千歳春_1,49,1,right_top,data/images/KAI_p049_01.png,桃,もも,楷書,,桃花千歳春,O,242,O
243,桃花千歳春_2,49,2,right_middle,data/images/KAI_p049_02.png,花,はな,楷書,,桃花千歳春,O,242,O
244,桃花千歳春_3,49,3,right_bottom,data/images/KAI_p049_03.png,千,せん,楷書,,桃花千歳春,O,242,O
245,桃花千歳春_4,49,4,left_top,data/images/KAI_p049_04.png,歳,とし,楷書,,桃花千歳春,O,242,O
246,桃花千歳春_5,49,5,left_middle,data/images/KAI_p049_05.png,春,はる,楷書,,桃花千歳春,O,242,O
247,瑶草三秋色_1,50,1,right_top,data/images/KAI_p050_01.png,瑶,よう,楷書,,瑶草三秋色,O,202,X
248,瑶草三秋色_2,50,2,right_middle,data/images/KAI_p050_02.png,草,くさ,楷書,,瑶草三秋色,O,202,X
249,瑶草三秋色_3,50,3,right_bottom,data/images/KAI_p050_03.png,三,さん,楷書,,瑶草三秋色,O,202,X
250,瑶草三秋色_4,50,4,left_top,data/images/KAI_p050_04.png,秋,あき,楷書,,瑶草三秋色,O,202,X
251,瑶草三秋色_5,50,5,left_middle,data/images/KAI_p050_05.png,色,いろ,楷書,,瑶草三秋色,O,202,X
252,公心如日月_1,51,1,right_top,data/images/KAI_p051_01.png,公,こう,楷書,,公心如日月,X,252,O
253,公心如日月_2,51,2,right_middle,data/images/KAI_p051_02.png,心,こころ,楷書,,公心如日月,X,252,O
254,公心如日月_3,51,3,right_bottom,data/images/KAI_p051_03.png,如,じょ,楷書,,公心如日月,X,252,O
255,公心如日月_4,51,4,left_top,data/images/KAI_p051_04.png,日,にち,楷書,,公心如日月,X,252,O
256,公心如日月_5,51,5,left_middle,data/images/KAI_p051_05.png,月,がつ,楷書,,公心如日月,X,252,O
257,梅花呈秀色_1,52,1,right_top,data/images/KAI_p052_01.png,梅,うめ,楷書,,梅花呈秀色,O,217,X
258,梅花呈秀色_2,52,2,right_middle,data/images/KAI_p052_02.png,花,はな,楷書,,梅花呈秀色,O,217,X
259,梅花呈秀色_3,52,3,right_bottom,data/images/KAI_p052_03.png,呈,てい,楷書,,梅花呈秀色,O,217,X
260,梅花呈秀色_4,52,4,left_top,data/images/KAI_p052_04.png,秀,しゅう,楷書,,梅花呈秀色,O,217,X
261,梅花呈秀色_5,52,5,left_middle,data/images/KAI_p052_05.png,色,いろ,楷書,,梅花呈秀色,O,217,X
262,山峰染月寒_1,53,1,right_top,data/images/KAI_p053_01.png,山,やま,楷書,,山峰染月寒,X,262,O
263,山峰染月寒_2,53,2,right_middle,data/images/KAI_p053_02.png,峰,みね,楷書,,山峰染月寒,X,262,O
264,山峰染月寒_3,53,3,right_bottom,data/images/KAI_p053_03.png,染,そめ,楷書,,山峰染月寒,X,262,O
265,山峰染月寒_4,53,4,left_top,data/images/KAI_p053_04.png,月,がつ,楷書,,山峰染月寒,X,262,O
266,山峰染月寒_5,53,5,left_middle,data/images/KAI_p053_05.png,寒,かん,楷書,,山峰染月寒,X,262,O
267,冬嶺秀孤松_1,54,1,right_top,data/images/KAI_p054_01.png,冬,ふゆ,楷書,,冬嶺秀孤松,X,267,O
268,冬嶺秀孤松_2,54,2,right_middle,data/images/KAI_p054_02.png,嶺,みね,楷書,,冬嶺秀孤松,X,267,O
269,冬嶺秀孤松_3,54,3,right_bottom,data/images/KAI_p054_03.png,秀,しゅう,楷書,,冬嶺秀孤松,X,267,O
270,冬嶺秀孤松_4,54,4,left_top,data/images/KAI_p054_04.png,孤,こ,楷書,,冬嶺秀孤松,X,267,O
271,冬嶺秀孤松_5,54,5,left_middle,data/images/KAI_p054_05.png,松,まつ,楷書,,冬嶺秀孤松,X,267,O
272,瑞氣満梅花_1,55,1,right_top,data/images/KAI_p055_01.png,瑞,ずい,楷書,,瑞氣満梅花,O,272,O
273,瑞氣満梅花_2,55,2,right_middle,data/images/KAI_p055_02.png,氣,き,楷書,気,瑞氣満梅花,O,272,O
274,瑞氣満梅花_3,55,3,right_bottom,data/images/KAI_p055_03.png,満,まん,楷書,,瑞氣満梅花,O,272,O
275,瑞氣満梅花_4,55,4,left_top,data/images/KAI_p055_04.png,梅,うめ,楷書,,瑞氣満梅花,O,272,O
276,瑞氣満梅花_5,55,5,left_middle,data/images/KAI_p055_05.png,花,はな,楷書,,瑞氣満梅花,O,272,O
277,老鶴萬里心_1,56,1,right_top,data/images/KAI_p056_01.png,老,ろう,楷書,,老鶴萬里心,X,277,O
278,老鶴萬里心_2,56,2,right_middle,data/images/KAI_p056_02.png,鶴,つる,楷書,,老鶴萬里心,X,277,O
279,老鶴萬里心_3,56,3,right_bottom,data/images/KAI_p056_03.png,萬,まん,楷書,,老鶴萬里心,X,277,O
280,老鶴萬里心_4,56,4,left_top,data/images/KAI_p056_04.png,里,さと,楷書,,老鶴萬里心,X,277,O
281,老鶴萬里心_5,56,5,left_middle,data/images/KAI_p056_05.png,心,こころ,楷書,,老鶴萬里心,X,277,O
282,微凘入硯生_1,57,1,right_top,data/images/KAI_p057_01.png,微,び,楷書,,微凘入硯生,X,282,O
283,微凘入硯生_2,57,2,right_middle,data/images/KAI_p057_02.png,凘,し,楷書,,微凘入硯生,X,282,O
284,微凘入硯生_3,57,3,right_bottom,data/images/KAI_p057_03.png,入,にゅう,楷書,,微凘入硯生,X,282,O
285,微凘入硯生_4,57,4,left_top,data/images/KAI_p057_04.png,硯,すずり,楷書,,微凘入硯生,X,282,O
286,微凘入硯生_5,57,5,left_middle,data/images/KAI_p057_05.png,生,なま,楷書,,微凘入硯生,X,282,O
287,繁菊照深居_1,58,1,right_top,data/images/KAI_p058_01.png,繁,はん,楷書,,繁菊照深居,X,287,O
288,繁菊照深居_2,58,2,right_middle,data/images/KAI_p058_02.png,菊,きく,楷書,,繁菊照深居,X,287,O
289,繁菊照深居_3,58,3,right_bottom,data/images/KAI_p058_03.png,照,しょう,楷書,,繁菊照深居,X,287,O
290,繁菊照深居_4,58,4,left_top,data/images/KAI_p058_04.png,深,しん,楷書,,繁菊照深居,X,287,O
291,繁菊照深居_5,58,5,left_middle,data/images/KAI_p058_05.png,居,きょ,楷書,,繁菊照深居,X,287,O
292,鳴鳳栖清梧_1,59,1,right_top,data/images/KAI_p059_01.png,鳴,めい,楷書,,鳴鳳栖清梧,X,292,O
293,鳴鳳栖清梧_2,59,2,right_middle,data/images/KAI_p059_02.png,鳳,おおとり,楷書,,鳴鳳栖清梧,X,292,O
294,鳴鳳栖清梧_3,59,3,right_bottom,data/images/KAI_p059_03.png,栖,せい,楷書,,鳴鳳栖清梧,X,292,O
295,鳴鳳栖清梧_4,59,4,left_top,data/images/KAI_p059_04.png,清,きよし,楷書,,鳴鳳栖清梧,X,292,O
296,鳴鳳栖清梧_5,59,5,left_middle,data/images/KAI_p059_05.png,梧,ご,楷書,,鳴鳳栖清梧,X,292,O
297,桃花千歳春_1,60,1,right_top,data/images/KAI_p060_01.png,桃,もも,楷書,,桃花千歳春,O,242,X
298,桃花千歳春_2,60,2,right_middle,data/images/KAI_p060_02.png,花,はな,楷書,,桃花千歳春,O,242,X
299,桃花千歳春_3,60,3,right_bottom,data/images/KAI_p060_03.png,千,せん,楷書,,桃花千歳春,O,242,X
300,桃花千歳春_4,60,4,left_top,data/images/KAI_p060_04.png,歳,とし,楷書,,桃花千歳春,O,242,X
301,桃花千歳春_5,60,5,left_middle,data/images/KAI_p060_05.png,春,はる,楷書,,桃花千歳春,O,242,X
302,春廻旭日鮮_1,61,1,right_top,data/images/KAI_p061_01.png,春,はる,楷書,,春廻旭日鮮,X,302,O
303,春廻旭日鮮_2,61,2,right_middle,data/images/KAI_p061_02.png,廻,かい,楷書,,春廻旭日鮮,X,302,O
304,春廻旭日鮮_3,61,3,right_bottom,data/images/KAI_p061_03.png,旭,あさひ,楷書,,春廻旭日鮮,X,302,O
305,春廻旭日鮮_4,61,4,left_top,data/images/KAI_p061_04.png,日,にち,楷書,,春廻旭日鮮,X,302,O
306,春廻旭日鮮_5,61,5,left_middle,data/images/KAI_p061_05.png,鮮,せん,楷書,,春廻旭日鮮,X,302,O
307,野菊淡秋心_1,62,1,right_top,data/images/KAI_p062_01.png,野,の,楷書,,野菊淡秋心,O,167,X
308,野菊淡秋心_2,62,2,right_middle,data/images/KAI_p062_02.png,菊,きく,楷書,,野菊淡秋心,O,167,X
309,野菊淡秋心_3,62,3,right_bottom,data/images/KAI_p062_03.png,淡,たん,楷書,,野菊淡秋心,O,167,X
310,野菊淡秋心_4,62,4,left_top,data/images/KAI_p062_04.png,秋,あき,楷書,,野菊淡秋心,O,167,X
311,野菊淡秋心_5,62,5,left_middle,data/images/KAI_p062_05.png,心,こころ,楷書,,野菊淡秋心,O,167,X
312,青山景物妍_1,63,1,right_top,data/images/KAI_p063_01.png,青,あお,楷書,,青山景物妍,O,312,O
313,青山景物妍_2,63,2,right_middle,data/images/KAI_p063_02.png,山,やま,楷書,,青山景物妍,O,312,O
314,青山景物妍_3,63,3,right_bottom,data/images/KAI_p063_03.png,景,けい,楷書,,青山景物妍,O,312,O
315,青山景物妍_4,63,4,left_top,data/images/KAI_p063_04.png,物,もの,楷書,,青山景物妍,O,312,O
316,青山景物妍_5,63,5,left_middle,data/images/KAI_p063_05.png,妍,けん,楷書,,青山景物妍,O,312,O
317,八荒調淑氣_1,64,1,right_top,data/images/KAI_p064_01.png,八,はち,楷書,,八荒調淑氣,X,317,O
318,八荒調淑氣_2,64,2,right_middle,data/images/KAI_p064_02.png,荒,こう,楷書,,八荒調淑氣,X,317,O
319,八荒調淑氣_3,64,3,right_bottom,data/images/KAI_p064_03.png,調,ちょう,楷書,,八荒調淑氣,X,317,O
320,八荒調淑氣_4,64,4,left_top,data/images/KAI_p064_04.png,淑,しゅく,楷書,,八荒調淑氣,X,317,O
321,八荒調淑氣_5,64,5,left_middle,data/images/KAI_p064_05.png,氣,き,楷書,気,八荒調淑氣,X,317,O
322,習静求神悟_1,65,1,right_top,data/images/KAI_p065_01.png,習,しゅう,楷書,,習静求神悟,X,322,O
323,習静求神悟_2,65,2,right_middle,data/images/KAI_p065_02.png,静,せい,楷書,,習静求神悟,X,322,O
324,習静求神悟_3,65,3,right_bottom,data/images/KAI_p065_03.png,求,きゅう,楷書,,習静求神悟,X,322,O
325,習静求神悟_4,65,4,left_top,data/images/KAI_p065_04.png,神,かみ,楷書,,習静求神悟,X,322,O
326,習静求神悟_5,65,5,left_middle,data/images/KAI_p065_05.png,悟,さとし,楷書,,習静求神悟,X,322,O
327,瑞雪近浮空_1,66,1,right_top,data/images/KAI_p066_01.png,瑞,ずい,楷書,,瑞雪近浮空,X,327,O
328,瑞雪近浮空_2,66,2,right_middle,data/images/KAI_p066_02.png,雪,ゆき,楷書,,瑞雪近浮空,X,327,O
329,瑞雪近浮空_3,66,3,right_bottom,data/images/KAI_p066_03.png,近,きん,楷書,,瑞雪近浮空,X,327,O
330,瑞雪近浮空_4,66,4,left_top,data/images/KAI_p066_04.png,浮,ふ,楷書,,瑞雪近浮空,X,327,O
331,瑞雪近浮空_5,66,5,left_middle,data/images/KAI_p066_05.png,空,そら,楷書,,瑞雪近浮空,X,327,O
332,白雲満空山_1,67,1,right_top,data/images/KAI_p067_01.png,白,しろ,楷書,,白雲満空山,X,332,O
333,白雲満空山_2,67,2,right_middle,data/images/KAI_p067_02.png,雲,くも,楷書,,白雲満空山,X,332,O
334,白雲満空山_3,67,3,right_bottom,data/images/KAI_p067_03.png,満,まん,楷書,,白雲満空山,X,332,O
335,白雲満空山_4,67,4,left_top,data/images/KAI_p067_04.png,空,そら,楷書,,白雲満空山,X,332,O
336,白雲満空山_5,67,5,left_middle,data/images/KAI_p067_05.png,山,やま,楷書,,白雲満空山,X,332,O
337,擧杯邀清光_1,68,1,right_top,data/images/KAI_p068_01.png,擧,こぶし,楷書,挙,擧杯邀清光,X,337,O
338,擧杯邀清光_2,68,2,right_middle,data/images/KAI_p068_02.png,杯,はい,楷書,,擧杯邀清光,X,337,O
339,擧杯邀清光_3,68,3,right_bottom,data/images/KAI_p068_03.png,邀,よう,楷書,,擧杯邀清光,X,337,O
340,擧杯邀清光_4,68,4,left_top,data/images/KAI_p068_04.png,清,きよし,楷書,,擧杯邀清光,X,337,O
341,擧杯邀清光_5,68,5,left_middle,data/images/KAI_p068_05.png,光,ひかり,楷書,,擧杯邀清光,X,337,O
342,晨露發荷香_1,69,1,right_top,data/images/KAI_p069_01.png,晨,しん,楷書,,晨露發荷香,X,342,O
343,晨露發荷香_2,69,2,right_middle,data/images/KAI_p069_02.png,露,つゆ,楷書,,晨露發荷香,X,342,O
344,晨露發荷香_3,69,3,right_bottom,data/images/KAI_p069_03.png,發,はつ,楷書,発,晨露發荷香,X,342,O
345,晨露發荷香_4,69,4,left_top,data/images/KAI_p069_04.png,荷,か,楷書,,晨露發荷香,X,342,O
346,晨露發荷香_5,69,5,left_middle,data/images/KAI_p069_05.png,香,かおり,楷書,,晨露發荷香,X,342,O
347,煎茶竹送風_1,70,1,right_top,data/images/KAI_p070_01.png,煎,せん,楷書,,煎茶竹送風,X,347,O
348,煎茶竹送風_2,70,2,right_middle,data/images/KAI_p070_02.png,茶,ちゃ,楷書,,煎茶竹送風,X,347,O
349,煎茶竹送風_3,70,3,right_bottom,data/images/KAI_p070_03.png,竹,たけ,楷書,,煎茶竹送風,X,347,O
350,煎茶竹送風_4,70,4,left_top,data/images/KAI_p070_04.png,送,そう,楷書,,煎茶竹送風,X,347,O
351,煎茶竹送風_5,70,5,left_middle,data/images/KAI_p070_05.png,風,かぜ,楷書,,煎茶竹送風,X,347,O
352,詠歌際昇平_1,71,1,right_top,data/images/KAI_p071_01.png,詠,えい,楷書,,詠歌際昇平,X,352,O
353,詠歌際昇平_2,71,2,right_middle,data/images/KAI_p071_02.png,歌,うた,楷書,,詠歌際昇平,X,352,O
354,詠歌際昇平_3,71,3,right_bottom,data/images/KAI_p071_03.png,際,きわ,楷書,,詠歌際昇平,X,352,O
355,詠歌際昇平_4,71,4,left_top,data/images/KAI_p071_04.png,昇,のぼる,楷書,,詠歌際昇平,X,352,O
356,詠歌際昇平_5,71,5,left_middle,data/images/KAI_p071_05.png,平,たいら,楷書,,詠歌際昇平,X,352,O
357,守氷壷之潔_1,72,1,right_top,data/images/KAI_p072_01.png,守,しゅ,楷書,,守氷壷之潔,X,357,O
358,守氷壷之潔_2,72,2,right_middle,data/images/KAI_p072_02.png,氷,こおり,楷書,,守氷壷之潔,X,357,O
359,守氷壷之潔_3,72,3,right_bottom,data/images/KAI_p072_03.png,壷,つぼ,楷書,,守氷壷之潔,X,357,O
360,守氷壷之潔_4,72,4,left_top,data/images/KAI_p072_04.png,之,ゆき,楷書,,守氷壷之潔,X,357,O
361,守氷壷之潔_5,72,5,left_middle,data/images/KAI_p072_05.png,潔,きよし,楷書,,守氷壷之潔,X,357,O
362,冬来幽興長_1,73,1,right_top,data/images/KAI_p073_01.png,冬,ふゆ,楷書,,冬来幽興長,X,362,O
363,冬来幽興長_2,73,2,right_middle,data/images/KAI_p073_02.png,来,らい,楷書,,冬来幽興長,X,362,O
364,冬来幽興長_3,73,3,right_bottom,data/images/KAI_p073_03.png,幽,ゆう,楷書,,冬来幽興長,X,362,O
365,冬来幽興長_4,73,4,left_top,data/images/KAI_p073_04.png,興,きょう,楷書,,冬来幽興長,X,362,O
366,冬来幽興長_5,73,5,left_middle,data/images/KAI_p073_05.png,長,ちょう,楷書,,冬来幽興長,X,362,O
367,青山景物妍_1,74,1,right_top,data/images/KAI_p074_01.png,青,あお,楷書,,青山景物妍,O,312,X
368,青山景物妍_2,74,2,right_middle,data/images/KAI_p074_02.png,山,やま,楷書,,青山景物妍,O,312,X
369,青山景物妍_3,74,3,right_bottom,data/images/KAI_p074_03.png,景,けい,楷書,,青山景物妍,O,312,X
370,青山景物妍_4,74,4,left_top,data/images/KAI_p074_04.png,物,もの,楷書,,青山景物妍,O,312,X
371,青山景物妍_5,74,5,left_middle,data/images/KAI_p074_05.png,妍,けん,楷書,,青山景物妍,O,312,X
372,栽花楽太平_1,75,1,right_top,data/images/KAI_p075_01.png,栽,さい,楷書,,栽花楽太平,X,372,O
373,栽花楽太平_2,75,2,right_middle,data/images/KAI_p075_02.png,花,はな,楷書,,栽花楽太平,X,372,O
374,栽花楽太平_3,75,3,right_bottom,data/images/KAI_p075_03.png,楽,らく,楷書,,栽花楽太平,X,372,O
375,栽花楽太平_4,75,4,left_top,data/images/KAI_p075_04.png,太,た,楷書,,栽花楽太平,X,372,O
376,栽花楽太平_5,75,5,left_middle,data/images/KAI_p075_05.png,平,たいら,楷書,,栽花楽太平,X,372,O
377,敬徳之恪也_1,76,1,right_top,data/images/KAI_p076_01.png,敬,たかし,楷書,,敬徳之恪也,X,377,O
378,敬徳之恪也_2,76,2,right_middle,data/images/KAI_p076_02.png,徳,とく,楷書,,敬徳之恪也,X,377,O
379,敬徳之恪也_3,76,3,right_bottom,data/images/KAI_p076_03.png,之,ゆき,楷書,,敬徳之恪也,X,377,O
380,敬徳之恪也_4,76,4,left_top,data/images/KAI_p076_04.png,恪,かく,楷書,,敬徳之恪也,X,377,O
381,敬徳之恪也_5,76,5,left_middle,data/images/KAI_p076_05.png,也,や,楷書,,敬徳之恪也,X,377,O
382,花氣暖晴雲_1,77,1,right_top,data/images/KAI_p077_01.png,花,はな,楷書,,花氣暖晴雲,X,382,O
383,花氣暖晴雲_2,77,2,right_middle,data/images/KAI_p077_02.png,氣,き,楷書,気,花氣暖晴雲,X,382,O
384,花氣暖晴雲_3,77,3,right_bottom,data/images/KAI_p077_03.png,暖,だん,楷書,,花氣暖晴雲,X,382,O
385,花氣暖晴雲_4,77,4,left_top,data/images/KAI_p077_04.png,晴,せい,楷書,,花氣暖晴雲,X,382,O
386,花氣暖晴雲_5,77,5,left_middle,data/images/KAI_p077_05.png,雲,くも,楷書,,花氣暖晴雲,X,382,O
387,閑居養髙志_1,78,1,right_top,data/images/KAI_p078_01.png,閑,ひま,楷書,,閑居養髙志,X,387,O
388,閑居養髙志_2,78,2,right_middle,data/images/KAI_p078_02.png,居,きょ,楷書,,閑居養髙志,X,387,O
389,閑居養髙志_3,78,3,right_bottom,data/images/KAI_p078_03.png,養,よう,楷書,,閑居養髙志,X,387,O
390,閑居養髙志_4,78,4,left_top,data/images/KAI_p078_04.png,髙,たか,楷書,高,閑居養髙志,X,387,O
391,閑居養髙志_5,78,5,left_middle,data/images/KAI_p078_05.png,志,こころざし,楷書,,閑居養髙志,X,387,O
392,清吟夜煮茶_1,79,1,right_top,data/images/KAI_p079_01.png,清,きよし,楷書,,清吟夜煮茶,X,392,O
393,清吟夜煮茶_2,79,2,right_middle,data/images/KAI_p079_02.png,吟,ぎん,楷書,,清吟夜煮茶,X,392,O
394,清吟夜煮茶_3,79,3,right_bottom,data/images/KAI_p079_03.png,夜,よる,楷書,,清吟夜煮茶,X,392,O
395,清吟夜煮茶_4,79,4,left_top,data/images/KAI_p079_04.png,煮,に,楷書,,清吟夜煮茶,X,392,O
396,清吟夜煮茶_5,79,5,left_middle,data/images/KAI_p079_05.png,茶,ちゃ,楷書,,清吟夜煮茶,X,392,O
397,山月夜窓寒_1,80,1,right_top,data/images/KAI_p080_01.png,山,やま,楷書,,山月夜窓寒,X,397,O
398,山月夜窓寒_2,80,2,right_middle,data/images/KAI_p080_02.png,月,がつ,楷書,,山月夜窓寒,X,397,O
399,山月夜窓寒_3,80,3,right_bottom,data/images/KAI_p080_03.png,夜,よる,楷書,,山月夜窓寒,X,397,O
400,山月夜窓寒_4,80,4,left_top,data/images/KAI_p080_04.png,窓,まど,楷書,,山月夜窓寒,X,397,O
401,山月夜窓寒_5,80,5,left_middle,data/images/KAI_p080_05.png,寒,かん,楷書,,山月夜窓寒,X,397,O
402,薫風細葛涼_1,81,1,right_top,data/images/KAI_p081_01.png,薫,かおる,楷書,,薫風細葛涼,X,402,O
403,薫風細葛涼_2,81,2,right_middle,data/images/KAI_p081_02.png,風,かぜ,楷書,,薫風細葛涼,X,402,O
404,薫風細葛涼_3,81,3,right_bottom,data/images/KAI_p081_03.png,細,さい,楷書,,薫風細葛涼,X,402,O
405,薫風細葛涼_4,81,4,left_top,data/images/KAI_p081_04.png,葛,くず,楷書,,薫風細葛涼,X,402,O
406,薫風細葛涼_5,81,5,left_middle,data/images/KAI_p081_05.png,涼,りょう,楷書,,薫風細葛涼,X,402,O
407,静者心自妙_1,82,1,right_top,data/images/KAI_p082_01.png,静,せい,楷書,,静者心自妙,O,407,O
408,静者心自妙_2,82,2,right_middle,data/images/KAI_p082_02.png,者,もの,楷書,,静者心自妙,O,407,O
409,静者心自妙_3,82,3,right_bottom,data/images/KAI_p082_03.png,心,こころ,楷書,,静者心自妙,O,407,O
410,静者心自妙_4,82,4,left_top,data/images/KAI_p082_04.png,自,じ,楷書,,静者心自妙,O,407,O
411,静者心自妙_5,82,5,left_middle,data/images/KAI_p082_05.png,妙,みょう,楷書,,静者心自妙,O,407,O
412,明月流素光_1,83,1,right_top,data/images/KAI_p083_01.png,明,めい,楷書,,明月流素光,X,412,O
413,明月流素光_2,83,2,right_middle,data/images/KAI_p083_02.png,月,がつ,楷書,,明月流素光,X,412,O
414,明月流素光_3,83,3,right_bottom,data/images/KAI_p083_03.png,流,りゅう,楷書,,明月流素光,X,412,O
415,明月流素光_4,83,4,left_top,data/images/KAI_p083_04.png,素,もと,楷書,,明月流素光,X,412,O
416,明月流素光_5,83,5,left_middle,data/images/KAI_p083_05.png,光,ひかり,楷書,,明月流素光,X,412,O
417,垂藤引夏涼_1,84,1,right_top,data/images/KAI_p084_01.png,垂,すい,楷書,,垂藤引夏涼,X,417,O
418,垂藤引夏涼_2,84,2,right_middle,data/images/KAI_p084_02.png,藤,ふじ,楷書,,垂藤引夏涼,X,417,O
419,垂藤引夏涼_3,84,3,right_bottom,data/images/KAI_p084_03.png,引,ひき,楷書,,垂藤引夏涼,X,417,O
420,垂藤引夏涼_4,84,4,left_top,data/images/KAI_p084_04.png,夏,なつ,楷書,,垂藤引夏涼,X,417,O
421,垂藤引夏涼_5,84,5,left_middle,data/images/KAI_p084_05.png,涼,りょう,楷書,,垂藤引夏涼,X,417,O
422,新篁動清節_1,85,1,right_top,data/images/KAI_p085_01.png,新,しん,楷書,,新篁動清節,O,422,O
423,新篁動清節_2,85,2,right_middle,data/images/KAI_p085_02.png,篁,たかむら,楷書,,新篁動清節,O,422,O
424,新篁動清節_3,85,3,right_bottom,data/images/KAI_p085_03.png,動,どう,楷書,,新篁動清節,O,422,O
425,新篁動清節_4,85,4,left_top,data/images/KAI_p085_04.png,清,きよし,楷書,,新篁動清節,O,422,O
426,新篁動清節_5,85,5,left_middle,data/images/KAI_p085_05.png,節,ふし,楷書,,新篁動清節,O,422,O
427,天地有至文_1,86,1,right_top,data/images/KAI_p086_01.png,天,てん,楷書,,天地有至文,X,427,O
428,天地有至文_2,86,2,right_middle,data/images/KAI_p086_02.png,地,ち,楷書,,天地有至文,X,427,O
429,天地有至文_3,86,3,right_bottom,data/images/KAI_p086_03.png,有,あり,楷書,,天地有至文,X,427,O
430,天地有至文_4,86,4,left_top,data/images/KAI_p086_04.png,至,いた,楷書,,天地有至文,X,427,O
431,天地有至文_5,86,5,left_middle,data/images/KAI_p086_05.png,文,ぶん,楷書,,天地有至文,X,427,O
432,紅樹添秋色_1,87,1,right_top,data/images/KAI_p087_01.png,紅,くれない,楷書,,紅樹添秋色,X,432,O
433,紅樹添秋色_2,87,2,right_middle,data/images/KAI_p087_02.png,樹,き,楷書,,紅樹添秋色,X,432,O
434,紅樹添秋色_3,87,3,right_bottom,data/images/KAI_p087_03.png,添,そえ,楷書,,紅樹添秋色,X,432,O
435,紅樹添秋色_4,87,4,left_top,data/images/KAI_p087_04.png,秋,あき,楷書,,紅樹添秋色,X,432,O
436,紅樹添秋色_5,87,5,left_middle,data/images/KAI_p087_05.png,色,いろ,楷書,,紅樹添秋色,X,432,O
437,細雨菊花天_1,88,1,right_top,data/images/KAI_p088_01.png,細,さい,楷書,,細雨菊花天,X,437,O
438,細雨菊花天_2,88,2,right_middle,data/images/KAI_p088_02.png,雨,あめ,楷書,,細雨菊花天,X,437,O
439,細雨菊花天_3,88,3,right_bottom,data/images/KAI_p088_03.png,菊,きく,楷書,,細雨菊花天,X,437,O
440,細雨菊花天_4,88,4,left_top,data/images/KAI_p088_04.png,花,はな,楷書,,細雨菊花天,X,437,O
441,細雨菊花天_5,88,5,left_middle,data/images/KAI_p088_05.png,天,てん,楷書,,細雨菊花天,X,437,O
442,雁字写秋空_1,89,1,right_top,data/images/KAI_p089_01.png,雁,がん,楷書,,雁字写秋空,X,442,O
443,雁字写秋空_2,89,2,right_middle,data/images/KAI_p089_02.png,字,じ,楷書,,雁字写秋空,X,442,O
444,雁字写秋空_3,89,3,right_bottom,data/images/KAI_p089_03.png,写,しゃ,楷書,,雁字写秋空,X,442,O
445,雁字写秋空_4,89,4,left_top,data/images/KAI_p089_04.png,秋,あき,楷書,,雁字写秋空,X,442,O
446,雁字写秋空_5,89,5,left_middle,data/images/KAI_p089_05.png,空,そら,楷書,,雁字写秋空,X,442,O
447,幽蘭一國香_1,90,1,right_top,data/images/KAI_p090_01.png,幽,ゆう,楷書,,幽蘭一國香,X,447,O
448,幽蘭一國香_2,90,2,right_middle,data/images/KAI_p090_02.png,蘭,らん,楷書,,幽蘭一國香,X,447,O
449,幽蘭一國香_3,90,3,right_bottom,data/images/KAI_p090_03.png,一,いち,楷書,,幽蘭一國香,X,447,O
450,幽蘭一國香_4,90,4,left_top,data/images/KAI_p090_04.png,國,くに,楷書,国,幽蘭一國香,X,447,O
451,幽蘭一國香_5,90,5,left_middle,data/images/KAI_p090_05.png,香,かおり,楷書,,幽蘭一國香,X,447,O
452,春風遍宇宙_1,91,1,right_top,data/images/KAI_p091_01.png,春,はる,楷書,,春風遍宇宙,X,452,O
453,春風遍宇宙_2,91,2,right_middle,data/images/KAI_p091_02.png,風,かぜ,楷書,,春風遍宇宙,X,452,O
454,春風遍宇宙_3,91,3,right_bottom,data/images/KAI_p091_03.png,遍,へん,楷書,,春風遍宇宙,X,452,O
455,春風遍宇宙_4,91,4,left_top,data/images/KAI_p091_04.png,宇,う,楷書,,春風遍宇宙,X,452,O
456,春風遍宇宙_5,91,5,left_middle,data/images/KAI_p091_05.png,宙,ちゅう,楷書,,春風遍宇宙,X,452,O
457,楽意在泉石_1,92,1,right_top,data/images/KAI_p092_01.png,楽,らく,楷書,,楽意在泉石,X,457,O
458,楽意在泉石_2,92,2,right_middle,data/images/KAI_p092_02.png,意,い,楷書,,楽意在泉石,X,457,O
459,楽意在泉石_3,92,3,right_bottom,data/images/KAI_p092_03.png,在,ざい,楷書,,楽意在泉石,X,457,O
460,楽意在泉石_4,92,4,left_top,data/images/KAI_p092_04.png,泉,いずみ,楷書,,楽意在泉石,X,457,O
461,楽意在泉石_5,92,5,left_middle,data/images/KAI_p092_05.png,石,いし,楷書,,楽意在泉石,X,457,O
462,山意向秋多_1,93,1,right_top,data/images/KAI_p093_01.png,山,やま,楷書,,山意向秋多,O,462,O
463,山意向秋多_2,93,2,right_middle,data/images/KAI_p093_02.png,意,い,楷書,,山意向秋多,O,462,O
464,山意向秋多_3,93,3,right_bottom,data/images/KAI_p093_03.png,向,こう,楷書,,山意向秋多,O,462,O
465,山意向秋多_4,93,4,left_top,data/images/KAI_p093_04.png,秋,あき,楷書,,山意向秋多,O,462,O
466,山意向秋多_5,93,5,left_middle,data/images/KAI_p093_05.png,多,た,楷書,,山意向秋多,O,462,O
467,春至草木繁_1,94,1,right_top,data/images/KAI_p094_01.png,春,はる,楷書,,春至草木繁,X,467,O
468,春至草木繁_2,94,2,right_middle,data/images/KAI_p094_02.png,至,いた,楷書,,春至草木繁,X,467,O
469,春至草木繁_3,94,3,right_bottom,data/images/KAI_p094_03.png,草,くさ,楷書,,春至草木繁,X,467,O
470,春至草木繁_4,94,4,left_top,data/images/KAI_p094_04.png,木,き,楷書,,春至草木繁,X,467,O
471,春至草木繁_5,94,5,left_middle,data/images/KAI_p094_05.png,繁,はん,楷書,,春至草木繁,X,467,O
472,竹細野池幽_1,95,1,right_top,data/images/KAI_p095_01.png,竹,たけ,楷書,,竹細野池幽,O,72,X
473,竹細野池幽_2,95,2,right_middle,data/images/KAI_p095_02.png,細,さい,楷書,,竹細野池幽,O,72,X
474,竹細野池幽_3,95,3,right_bottom,data/images/KAI_p095_03.png,野,の,楷書,,竹細野池幽,O,72,X
475,竹細野池幽_4,95,4,left_top,data/images/KAI_p095_04.png,池,いけ,楷書,,竹細野池幽,O,72,X
476,竹細野池幽_5,95,5,left_middle,data/images/KAI_p095_05.png,幽,ゆう,楷書,,竹細野池幽,O,72,X
477,芳艸惹春還_1,96,1,right_top,data/images/KAI_p096_01.png,芳,ほう,楷書,,芳艸惹春還,X,477,O
478,芳艸惹春還_2,96,2,right_middle,data/images/KAI_p096_02.png,艸,そう,楷書,草,芳艸惹春還,X,477,O
479,芳艸惹春還_3,96,3,right_bottom,data/images/KAI_p096_03.png,惹,じゃく,楷書,,芳艸惹春還,X,477,O
480,芳艸惹春還_4,96,4,left_top,data/images/KAI_p096_04.png,春,はる,楷書,,芳艸惹春還,X,477,O
481,芳艸惹春還_5,96,5,left_middle,data/images/KAI_p096_05.png,還,かん,楷書,,芳艸惹春還,X,477,O
482,雁唳風雲髙_1,97,1,right_top,data/images/KAI_p097_01.png,雁,がん,楷書,,雁唳風雲髙,X,482,O
483,雁唳風雲髙_2,97,2,right_middle,data/images/KAI_p097_02.png,唳,れい,楷書,,雁唳風雲髙,X,482,O
484,雁唳風雲髙_3,97,3,right_bottom,data/images/KAI_p097_03.png,風,かぜ,楷書,,雁唳風雲髙,X,482,O
485,雁唳風雲髙_4,97,4,left_top,data/images/KAI_p097_04.png,雲,くも,楷書,,雁唳風雲髙,X,482,O
486,雁唳風雲髙_5,97,5,left_middle,data/images/KAI_p097_05.png,髙,たか,楷書,高,雁唳風雲髙,X,482,O
487,黄鳥話春深_1,98,1,right_top,data/images/KAI_p098_01.png,黄,き,楷書,,黄鳥話春深,O,32,X
488,黄鳥話春深_2,98,2,right_middle,data/images/KAI_p098_02.png,鳥,とり,楷書,,黄鳥話春深,O,32,X
489,黄鳥話春深_3,98,3,right_bottom,data/images/KAI_p098_03.png,話,はなし,楷書,,黄鳥話春深,O,32,X
490,黄鳥話春深_4,98,4,left_top,data/images/KAI_p098_04.png,春,はる,楷書,,黄鳥話春深,O,32,X
491,黄鳥話春深_5,98,5,left_middle,data/images/KAI_p098_05.png,深,しん,楷書,,黄鳥話春深,O,32,X
492,花柳春全盛_1,99,1,right_top,data/images/KAI_p099_01.png,花,はな,楷書,,花柳春全盛,X,492,O
493,花柳春全盛_2,99,2,right_middle,data/images/KAI_p099_02.png,柳,やなぎ,楷書,,花柳春全盛,X,492,O
494,花柳春全盛_3,99,3,right_bottom,data/images/KAI_p099_03.png,春,はる,楷書,,花柳春全盛,X,492,O
495,花柳春全盛_4,99,4,left_top,data/images/KAI_p099_04.png,全,ぜん,楷書,,花柳春全盛,X,492,O
496,花柳春全盛_5,99,5,left_middle,data/images/KAI_p099_05.png,盛,じょう,楷書,,花柳春全盛,X,492,O
497,竹外茶烟静_1,100,1,right_top,data/images/KAI_p100_01.png,竹,たけ,楷書,,竹外茶烟静,O,497,O
498,竹外茶烟静_2,100,2,right_middle,data/images/KAI_p100_02.png,外,そと,楷書,,竹外茶烟静,O,497,O
499,竹外茶烟静_3,100,3,right_bottom,data/images/KAI_p100_03.png,茶,ちゃ,楷書,,竹外茶烟静,O,497,O
500,竹外茶烟静_4,100,4,left_top,data/images/KAI_p100_04.png,烟,けむり,楷書,,竹外茶烟静,O,497,O
501,竹外茶烟静_5,100,5,left_middle,data/images/KAI_p100_05.png,静,せい,楷書,,竹外茶烟静,O,497,O
502,和気洽昌辰_1,101,1,right_top,data/images/KAI_p101_01.png,和,,楷書,,和気洽昌辰,X,502,O
503,和気洽昌辰_2,101,2,right_middle,data/images/KAI_p101_02.png,気,,楷書,,和気洽昌辰,X,502,O
504,和気洽昌辰_3,101,3,right_bottom,data/images/KAI_p101_03.png,洽,,楷書,,和気洽昌辰,X,502,O
505,和気洽昌辰_4,101,4,left_top,data/images/KAI_p101_04.png,昌,,楷書,,和気洽昌辰,X,502,O
506,和気洽昌辰_5,101,5,left_middle,data/images/KAI_p101_05.png,辰,,楷書,,和気洽昌辰,X,502,O
507,松竹水聲涼_1,102,1,right_top,data/images/KAI_p102_01.png,松,,楷書,,松竹水聲涼,O,177,X
508,松竹水聲涼_2,102,2,right_middle,data/images/KAI_p102_02.png,竹,,楷書,,松竹水聲涼,O,177,X
509,松竹水聲涼_3,102,3,right_bottom,data/images/KAI_p102_03.png,水,,楷書,,松竹水聲涼,O,177,X
510,松竹水聲涼_4,102,4,left_top,data/images/KAI_p102_04.png,聲,,楷書,,松竹水聲涼,O,177,X
511,松竹水聲涼_5,102,5,left_middle,data/images/KAI_p102_05.png,涼,,楷書,,松竹水聲涼,O,177,X
512,月鎖千門静_1,103,1,right_top,data/images/KAI_p103_01.png,月,,楷書,,月鎖千門静,X,512,O
513,月鎖千門静_2,103,2,right_middle,data/images/KAI_p103_02.png,鎖,,楷書,,月鎖千門静,X,512,O
514,月鎖千門静_3,103,3,right_bottom,data/images/KAI_p103_03.png,千,,楷書,,月鎖千門静,X,512,O
515,月鎖千門静_4,103,4,left_top,data/images/KAI_p103_04.png,門,,楷書,,月鎖千門静,X,512,O
516,月鎖千門静_5,103,5,left_middle,data/images/KAI_p103_05.png,静,,楷書,,月鎖千門静,X,512,O
517,風来水面時_1,104,1,right_top,data/images/KAI_p104_01.png,風,,楷書,,風来水面時,X,517,O
518,風来水面時_2,104,2,right_middle,data/images/KAI_p104_02.png,来,,楷書,,風来水面時,X,517,O
519,風来水面時_3,104,3,right_bottom,data/images/KAI_p104_03.png,水,,楷書,,風来水面時,X,517,O
520,風来水面時_4,104,4,left_top,data/images/KAI_p104_04.png,面,,楷書,,風来水面時,X,517,O
521,風来水面時_5,104,5,left_middle,data/images/KAI_p104_05.png,時,,楷書,,風来水面時,X,517,O
522,晴窓花氣薫_1,105,1,right_top,data/images/KAI_p105_01.png,晴,,楷書,,晴窓花氣薫,X,522,O
523,晴窓花氣薫_2,105,2,right_middle,data/images/KAI_p105_02.png,窓,,楷書,,晴窓花氣薫,X,522,O
524,晴窓花氣薫_3,105,3,right_bottom,data/images/KAI_p105_03.png,花,,楷書,,晴窓花氣薫,X,522,O
525,晴窓花氣薫_4,105,4,left_top,data/images/KAI_p105_04.png,氣,,楷書,気,晴窓花氣薫,X,522,O
526,晴窓花氣薫_5,105,5,left_middle,data/images/KAI_p105_05.png,薫,,楷書,,晴窓花氣薫,X,522,O
527,味淡有真楽_1,106,1,right_top,data/images/KAI_p106_01.png,味,,楷書,,味淡有真楽,X,527,O
528,味淡有真楽_2,106,2,right_middle,data/images/KAI_p106_02.png,淡,,楷書,,味淡有真楽,X,527,O
529,味淡有真楽_3,106,3,right_bottom,data/images/KAI_p106_03.png,有,,楷書,,味淡有真楽,X,527,O
530,味淡有真楽_4,106,4,left_top,data/images/KAI_p106_04.png,真,,楷書,,味淡有真楽,X,527,O
531,味淡有真楽_5,106,5,left_middle,data/images/KAI_p106_05.png,楽,,楷書,,味淡有真楽,X,527,O
532,梅艶昔年枝_1,107,1,right_top,data/images/KAI_p107_01.png,梅,,楷書,,梅艶昔年枝,O,2,X
533,梅艶昔年枝_2,107,2,right_middle,data/images/KAI_p107_02.png,艶,,楷書,,梅艶昔年枝,O,2,X
534,梅艶昔年枝_3,107,3,right_bottom,data/images/KAI_p107_03.png,昔,,楷書,,梅艶昔年枝,O,2,X
535,梅艶昔年枝_4,107,4,left_top,data/images/KAI_p107_04.png,年,,楷書,,梅艶昔年枝,O,2,X
536,梅艶昔年枝_5,107,5,left_middle,data/images/KAI_p107_05.png,枝,,楷書,,梅艶昔年枝,O,2,X
537,風前鳥語和_1,108,1,right_top,data/images/KAI_p108_01.png,風,,楷書,,風前鳥語和,X,537,O
538,風前鳥語和_2,108,2,right_middle,data/images/KAI_p108_02.png,前,,楷書,,風前鳥語和,X,537,O
539,風前鳥語和_3,108,3,right_bottom,data/images/KAI_p108_03.png,鳥,,楷書,,風前鳥語和,X,537,O
540,風前鳥語和_4,108,4,left_top,data/images/KAI_p108_04.png,語,,楷書,,風前鳥語和,X,537,O
541,風前鳥語和_5,108,5,left_middle,data/images/KAI_p108_05.png,和,,楷書,,風前鳥語和,X,537,O
542,無心得良悟_1,109,1,right_top,data/images/KAI_p109_01.png,無,,楷書,,無心得良悟,X,542,O
543,無心得良悟_2,109,2,right_middle,data/images/KAI_p109_02.png,心,,楷書,,無心得良悟,X,542,O
544,無心得良悟_3,109,3,right_bottom,data/images/KAI_p109_03.png,得,,楷書,,無心得良悟,X,542,O
545,無心得良悟_4,109,4,left_top,data/images/KAI_p109_04.png,良,,楷書,,無心得良悟,X,542,O
546,無心得良悟_5,109,5,left_middle,data/images/KAI_p109_05.png,悟,,楷書,,無心得良悟,X,542,O
547,松間照新月_1,110,1,right_top,data/images/KAI_p110_01.png,松,,楷書,,松間照新月,X,547,O
548,松間照新月_2,110,2,right_middle,data/images/KAI_p110_02.png,間,,楷書,,松間照新月,X,547,O
549,松間照新月_3,110,3,right_bottom,data/images/KAI_p110_03.png,照,,楷書,,松間照新月,X,547,O
550,松間照新月_4,110,4,left_top,data/images/KAI_p110_04.png,新,,楷書,,松間照新月,X,547,O
551,松間照新月_5,110,5,left_middle,data/images/KAI_p110_05.png,月,,楷書,,松間照新月,X,547,O
552,山光澄我心_1,111,1,right_top,data/images/KAI_p111_01.png,山,,楷書,,山光澄我心,X,552,O
553,山光澄我心_2,111,2,right_middle,data/images/KAI_p111_02.png,光,,楷書,,山光澄我心,X,552,O
554,山光澄我心_3,111,3,right_bottom,data/images/KAI_p111_03.png,澄,,楷書,,山光澄我心,X,552,O
555,山光澄我心_4,111,4,left_top,data/images/KAI_p111_04.png,我,,楷書,,山光澄我心,X,552,O
556,山光澄我心_5,111,5,left_middle,data/images/KAI_p111_05.png,心,,楷書,,山光澄我心,X,552,O
557,宿雨松篁色_1,112,1,right_top,data/images/KAI_p112_01.png,宿,,楷書,,宿雨松篁色,O,557,O
558,宿雨松篁色_2,112,2,right_middle,data/images/KAI_p112_02.png,雨,,楷書,,宿雨松篁色,O,557,O
559,宿雨松篁色_3,112,3,right_bottom,data/images/KAI_p112_03.png,松,,楷書,,宿雨松篁色,O,557,O
560,宿雨松篁色_4,112,4,left_top,data/images/KAI_p112_04.png,篁,,楷書,,宿雨松篁色,O,557,O
561,宿雨松篁色_5,112,5,left_middle,data/images/KAI_p112_05.png,色,,楷書,,宿雨松篁色,O,557,O
562,松花伴鶴飛_1,113,1,right_top,data/images/KAI_p113_01.png,松,,楷書,,松花伴鶴飛,X,562,O
563,松花伴鶴飛_2,113,2,right_middle,data/images/KAI_p113_02.png,花,,楷書,,松花伴鶴飛,X,562,O
564,松花伴鶴飛_3,113,3,right_bottom,data/images/KAI_p113_03.png,伴,,楷書,,松花伴鶴飛,X,562,O
565,松花伴鶴飛_4,113,4,left_top,data/images/KAI_p113_04.png,鶴,,楷書,,松花伴鶴飛,X,562,O
566,松花伴鶴飛_5,113,5,left_middle,data/images/KAI_p113_05.png,飛,,楷書,,松花伴鶴飛,X,562,O
567,風静語丹鶴_1,114,1,right_top,data/images/KAI_p114_01.png,風,,楷書,,風静語丹鶴,X,567,O
568,風静語丹鶴_2,114,2,right_middle,data/images/KAI_p114_02.png,静,,楷書,,風静語丹鶴,X,567,O
569,風静語丹鶴_3,114,3,right_bottom,data/images/KAI_p114_03.png,語,,楷書,,風静語丹鶴,X,567,O
570,風静語丹鶴_4,114,4,left_top,data/images/KAI_p114_04.png,丹,,楷書,,風静語丹鶴,X,567,O
571,風静語丹鶴_5,114,5,left_middle,data/images/KAI_p114_05.png,鶴,,楷書,,風静語丹鶴,X,567,O
572,緑葉吟風勁_1,115,1,right_top,data/images/KAI_p115_01.png,緑,,楷書,,緑葉吟風勁,X,572,O
573,緑葉吟風勁_2,115,2,right_middle,data/images/KAI_p115_02.png,葉,,楷書,,緑葉吟風勁,X,572,O
574,緑葉吟風勁_3,115,3,right_bottom,data/images/KAI_p115_03.png,吟,,楷書,,緑葉吟風勁,X,572,O
575,緑葉吟風勁_4,115,4,left_top,data/images/KAI_p115_04.png,風,,楷書,,緑葉吟風勁,X,572,O
576,緑葉吟風勁_5,115,5,left_middle,data/images/KAI_p115_05.png,勁,,楷書,,緑葉吟風勁,X,572,O
577,茶煙永日香_1,116,1,right_top,data/images/KAI_p116_01.png,茶,,楷書,,茶煙永日香,O,577,O
578,茶煙永日香_2,116,2,right_middle,data/images/KAI_p116_02.png,煙,,楷書,,茶煙永日香,O,577,O
579,茶煙永日香_3,116,3,right_bottom,data/images/KAI_p116_03.png,永,,楷書,,茶煙永日香,O,577,O
580,茶煙永日香_4,116,4,left_top,data/images/KAI_p116_04.png,日,,楷書,,茶煙永日香,O,577,O
581,茶煙永日香_5,116,5,left_middle,data/images/KAI_p116_05.png,香,,楷書,,茶煙永日香,O,577,O
582,夜深風弄竹_1,117,1,right_top,data/images/KAI_p117_01.png,夜,,楷書,,夜深風弄竹,X,582,O
583,夜深風弄竹_2,117,2,right_middle,data/images/KAI_p117_02.png,深,,楷書,,夜深風弄竹,X,582,O
584,夜深風弄竹_3,117,3,right_bottom,data/images/KAI_p117_03.png,風,,楷書,,夜深風弄竹,X,582,O
585,夜深風弄竹_4,117,4,left_top,data/images/KAI_p117_04.png,弄,,楷書,,夜深風弄竹,X,582,O
586,夜深風弄竹_5,117,5,left_middle,data/images/KAI_p117_05.png,竹,,楷書,,夜深風弄竹,X,582,O
587,扇動竹花涼_1,118,1,right_top,data/images/KAI_p118_01.png,扇,,楷書,,扇動竹花涼,X,587,O
588,扇動竹花涼_2,118,2,right_middle,data/images/KAI_p118_02.png,動,,楷書,,扇動竹花涼,X,587,O
589,扇動竹花涼_3,118,3,right_bottom,data/images/KAI_p118_03.png,竹,,楷書,,扇動竹花涼,X,587,O
590,扇動竹花涼_4,118,4,left_top,data/images/KAI_p118_04.png,花,,楷書,,扇動竹花涼,X,587,O
591,扇動竹花涼_5,118,5,left_middle,data/images/KAI_p118_05.png,涼,,楷書,,扇動竹花涼,X,587,O
592,江白迥聞風_1,119,1,right_top,data/images/KAI_p119_01.png,江,,楷書,,江白迥聞風,X,592,O
593,江白迥聞風_2,119,2,right_middle,data/images/KAI_p119_02.png,白,,楷書,,江白迥聞風,X,592,O
594,江白迥聞風_3,119,3,right_bottom,data/images/KAI_p119_03.png,迥,,楷書,,江白迥聞風,X,592,O
595,江白迥聞風_4,119,4,left_top,data/images/KAI_p119_04.png,聞,,楷書,,江白迥聞風,X,592,O
596,江白迥聞風_5,119,5,left_middle,data/images/KAI_p119_05.png,風,,楷書,,江白迥聞風,X,592,O
597,紅葉萬山霜_1,120,1,right_top,data/images/KAI_p120_01.png,紅,,楷書,,紅葉萬山霜,X,597,O
598,紅葉萬山霜_2,120,2,right_middle,data/images/KAI_p120_02.png,葉,,楷書,,紅葉萬山霜,X,597,O
599,紅葉萬山霜_3,120,3,right_bottom,data/images/KAI_p120_03.png,萬,,楷書,,紅葉萬山霜,X,597,O
600,紅葉萬山霜_4,120,4,left_top,data/images/KAI_p120_04.png,山,,楷書,,紅葉萬山霜,X,597,O
601,紅葉萬山霜_5,120,5,left_middle,data/images/KAI_p120_05.png,霜,,楷書,,紅葉萬山霜,X,597,O
602,秋菊清且香_1,121,1,right_top,data/images/KAI_p121_01.png,秋,,楷書,,秋菊清且香,X,602,O
603,秋菊清且香_2,121,2,right_middle,data/images/KAI_p121_02.png,菊,,楷書,,秋菊清且香,X,602,O
604,秋菊清且香_3,121,3,right_bottom,data/images/KAI_p121_03.png,清,,楷書,,秋菊清且香,X,602,O
605,秋菊清且香_4,121,4,left_top,data/images/KAI_p121_04.png,且,,楷書,,秋菊清且香,X,602,O
606,秋菊清且香_5,121,5,left_middle,data/images/KAI_p121_05.png,香,,楷書,,秋菊清且香,X,602,O
607,静者心自妙_1,122,1,right_top,data/images/KAI_p122_01.png,静,,楷書,,静者心自妙,O,407,X
608,静者心自妙_2,122,2,right_middle,data/images/KAI_p122_02.png,者,,楷書,,静者心自妙,O,407,X
609,静者心自妙_3,122,3,right_bottom,data/images/KAI_p122_03.png,心,,楷書,,静者心自妙,O,407,X
610,静者心自妙_4,122,4,left_top,data/images/KAI_p122_04.png,自,,楷書,,静者心自妙,O,407,X
611,静者心自妙_5,122,5,left_middle,data/images/KAI_p122_05.png,妙,,楷書,,静者心自妙,O,407,X
612,落花渓氷香_1,123,1,right_top,data/images/KAI_p123_01.png,落,,楷書,,落花渓氷香,X,612,O
613,落花渓氷香_2,123,2,right_middle,data/images/KAI_p123_02.png,花,,楷書,,落花渓氷香,X,612,O
614,落花渓氷香_3,123,3,right_bottom,data/images/KAI_p123_03.png,渓,,楷書,,落花渓氷香,X,612,O
615,落花渓氷香_4,123,4,left_top,data/images/KAI_p123_04.png,氷,,楷書,,落花渓氷香,X,612,O
616,落花渓氷香_5,123,5,left_middle,data/images/KAI_p123_05.png,香,,楷書,,落花渓氷香,X,612,O
617,安間日如年_1,124,1,right_top,data/images/KAI_p124_01.png,安,,楷書,,安間日如年,X,617,O
618,安間日如年_2,124,2,right_middle,data/images/KAI_p124_02.png,間,,楷書,,安間日如年,X,617,O
619,安間日如年_3,124,3,right_bottom,data/images/KAI_p124_03.png,日,,楷書,,安間日如年,X,617,O
620,安間日如年_4,124,4,left_top,data/images/KAI_p124_04.png,如,,楷書,,安間日如年,X,617,O
621,安間日如年_5,124,5,left_middle,data/images/KAI_p124_05.png,年,,楷書,,安間日如年,X,617,O
622,瑞氣満梅花_1,125,1,right_top,data/images/KAI_p125_01.png,瑞,,楷書,,瑞氣満梅花,O,272,X
623,瑞氣満梅花_2,125,2,right_middle,data/images/KAI_p125_02.png,氣,,楷書,気,瑞氣満梅花,O,272,X
624,瑞氣満梅花_3,125,3,right_bottom,data/images/KAI_p125_03.png,満,,楷書,,瑞氣満梅花,O,272,X
625,瑞氣満梅花_4,125,4,left_top,data/images/KAI_p125_04.png,梅,,楷書,,瑞氣満梅花,O,272,X
626,瑞氣満梅花_5,125,5,left_middle,data/images/KAI_p125_05.png,花,,楷書,,瑞氣満梅花,O,272,X
627,桃花千歳春_1,126,1,right_top,data/images/KAI_p126_01.png,桃,,楷書,,桃花千歳春,O,242,X
628,桃花千歳春_2,126,2,right_middle,data/images/KAI_p126_02.png,花,,楷書,,桃花千歳春,O,242,X
629,桃花千歳春_3,126,3,right_bottom,data/images/KAI_p126_03.png,千,,楷書,,桃花千歳春,O,242,X
630,桃花千歳春_4,126,4,left_top,data/images/KAI_p126_04.png,歳,,楷書,,桃花千歳春,O,242,X
631,桃花千歳春_5,126,5,left_middle,data/images/KAI_p126_05.png,春,,楷書,,桃花千歳春,O,242,X
632,時雍表昌運_1,127,1,right_top,data/images/KAI_p127_01.png,時,,楷書,,時雍表昌運,X,632,O
633,時雍表昌運_2,127,2,right_middle,data/images/KAI_p127_02.png,雍,,楷書,,時雍表昌運,X,632,O
634,時雍表昌運_3,127,3,right_bottom,data/images/KAI_p127_03.png,表,,楷書,,時雍表昌運,X,632,O
635,時雍表昌運_4,127,4,left_top,data/images/KAI_p127_04.png,昌,,楷書,,時雍表昌運,X,632,O
636,時雍表昌運_5,127,5,left_middle,data/images/KAI_p127_05.png,運,,楷書,,時雍表昌運,X,632,O
637,掃雪開松逕_1,128,1,right_top,data/images/KAI_p128_01.png,掃,,楷書,,掃雪開松逕,X,637,O
638,掃雪開松逕_2,128,2,right_middle,data/images/KAI_p128_02.png,雪,,楷書,,掃雪開松逕,X,637,O
639,掃雪開松逕_3,128,3,right_bottom,data/images/KAI_p128_03.png,開,,楷書,,掃雪開松逕,X,637,O
640,掃雪開松逕_4,128,4,left_top,data/images/KAI_p128_04.png,松,,楷書,,掃雪開松逕,X,637,O
641,掃雪開松逕_5,128,5,left_middle,data/images/KAI_p128_05.png,逕,,楷書,,掃雪開松逕,X,637,O
642,安善養徳性_1,129,1,right_top,data/images/KAI_p129_01.png,安,,楷書,,安善養徳性,X,642,O
643,安善養徳性_2,129,2,right_middle,data/images/KAI_p129_02.png,善,,楷書,,安善養徳性,X,642,O
644,安善養徳性_3,129,3,right_bottom,data/images/KAI_p129_03.png,養,,楷書,,安善養徳性,X,642,O
645,安善養徳性_4,129,4,left_top,data/images/KAI_p129_04.png,徳,,楷書,,安善養徳性,X,642,O
646,安善養徳性_5,129,5,left_middle,data/images/KAI_p129_05.png,性,,楷書,,安善養徳性,X,642,O
647,鶯語吟修竹_1,130,1,right_top,data/images/KAI_p130_01.png,鶯,,楷書,,鶯語吟修竹,X,647,O
648,鶯語吟修竹_2,130,2,right_middle,data/images/KAI_p130_02.png,語,,楷書,,鶯語吟修竹,X,647,O
649,鶯語吟修竹_3,130,3,right_bottom,data/images/KAI_p130_03.png,吟,,楷書,,鶯語吟修竹,X,647,O
650,鶯語吟修竹_4,130,4,left_top,data/images/KAI_p130_04.png,修,,楷書,,鶯語吟修竹,X,647,O
651,鶯語吟修竹_5,130,5,left_middle,data/images/KAI_p130_05.png,竹,,楷書,,鶯語吟修竹,X,647,O
652,春鳥暢歓情_1,131,1,right_top,data/images/KAI_p131_01.png,春,,楷書,,春鳥暢歓情,X,652,O
653,春鳥暢歓情_2,131,2,right_middle,data/images/KAI_p131_02.png,鳥,,楷書,,春鳥暢歓情,X,652,O
654,春鳥暢歓情_3,131,3,right_bottom,data/images/KAI_p131_03.png,暢,,楷書,,春鳥暢歓情,X,652,O
655,春鳥暢歓情_4,131,4,left_top,data/images/KAI_p131_04.png,歓,,楷書,,春鳥暢歓情,X,652,O
656,春鳥暢歓情_5,131,5,left_middle,data/images/KAI_p131_05.png,情,,楷書,,春鳥暢歓情,X,652,O
657,山秋菊葉香_1,132,1,right_top,data/images/KAI_p132_01.png,山,,楷書,,山秋菊葉香,X,657,O
658,山秋菊葉香_2,132,2,right_middle,data/images/KAI_p132_02.png,秋,,楷書,,山秋菊葉香,X,657,O
659,山秋菊葉香_3,132,3,right_bottom,data/images/KAI_p132_03.png,菊,,楷書,,山秋菊葉香,X,657,O
660,山秋菊葉香_4,132,4,left_top,data/images/KAI_p132_04.png,葉,,楷書,,山秋菊葉香,X,657,O
661,山秋菊葉香_5,132,5,left_middle,data/images/KAI_p132_05.png,香,,楷書,,山秋菊葉香,X,657,O
662,茶煮石根泉_1,133,1,right_top,data/images/KAI_p133_01.png,茶,,楷書,,茶煮石根泉,X,662,O
663,茶煮石根泉_2,133,2,right_middle,data/images/KAI_p133_02.png,煮,,楷書,,茶煮石根泉,X,662,O
664,茶煮石根泉_3,133,3,right_bottom,data/images/KAI_p133_03.png,石,,楷書,,茶煮石根泉,X,662,O
665,茶煮石根泉_4,133,4,left_top,data/images/KAI_p133_04.png,根,,楷書,,茶煮石根泉,X,662,O
666,茶煮石根泉_5,133,5,left_middle,data/images/KAI_p133_05.png,泉,,楷書,,茶煮石根泉,X,662,O
667,吾志在烟霞_1,134,1,right_top,data/images/KAI_p134_01.png,吾,,楷書,,吾志在烟霞,X,667,O
668,吾志在烟霞_2,134,2,right_middle,data/images/KAI_p134_02.png,志,,楷書,,吾志在烟霞,X,667,O
669,吾志在烟霞_3,134,3,right_bottom,data/images/KAI_p134_03.png,在,,楷書,,吾志在烟霞,X,667,O
670,吾志在烟霞_4,134,4,left_top,data/images/KAI_p134_04.png,烟,,楷書,,吾志在烟霞,X,667,O
671,吾志在烟霞_5,134,5,left_middle,data/images/KAI_p134_05.png,霞,,楷書,,吾志在烟霞,X,667,O
672,言温而氣和_1,135,1,right_top,data/images/KAI_p135_01.png,言,,楷書,,言温而氣和,O,92,X
673,言温而氣和_2,135,2,right_middle,data/images/KAI_p135_02.png,温,,楷書,,言温而氣和,O,92,X
674,言温而氣和_3,135,3,right_bottom,data/images/KAI_p135_03.png,而,,楷書,,言温而氣和,O,92,X
675,言温而氣和_4,135,4,left_top,data/images/KAI_p135_04.png,氣,,楷書,気,言温而氣和,O,92,X
676,言温而氣和_5,135,5,left_middle,data/images/KAI_p135_05.png,和,,楷書,,言温而氣和,O,92,X
677,竹外茶烟静_1,136,1,right_top,data/images/KAI_p136_01.png,竹,,楷書,,竹外茶烟静,O,497,X
678,竹外茶烟静_2,136,2,right_middle,data/images/KAI_p136_02.png,外,,楷書,,竹外茶烟静,O,497,X
679,竹外茶烟静_3,136,3,right_bottom,data/images/KAI_p136_03.png,茶,,楷書,,竹外茶烟静,O,497,X
680,竹外茶烟静_4,136,4,left_top,data/images/KAI_p136_04.png,烟,,楷書,,竹外茶烟静,O,497,X
681,竹外茶烟静_5,136,5,left_middle,data/images/KAI_p136_05.png,静,,楷書,,竹外茶烟静,O,497,X
682,夏潭蔭修竹_1,137,1,right_top,data/images/KAI_p137_01.png,夏,,楷書,,夏潭蔭修竹,X,682,O
683,夏潭蔭修竹_2,137,2,right_middle,data/images/KAI_p137_02.png,潭,,楷書,,夏潭蔭修竹,X,682,O
684,夏潭蔭修竹_3,137,3,right_bottom,data/images/KAI_p137_03.png,蔭,,楷書,,夏潭蔭修竹,X,682,O
685,夏潭蔭修竹_4,137,4,left_top,data/images/KAI_p137_04.png,修,,楷書,,夏潭蔭修竹,X,682,O
686,夏潭蔭修竹_5,137,5,left_middle,data/images/KAI_p137_05.png,竹,,楷書,,夏潭蔭修竹,X,682,O
687,茶煙永日香_1,138,1,right_top,data/images/KAI_p138_01.png,茶,,楷書,,茶煙永日香,O,577,X
688,茶煙永日香_2,138,2,right_middle,data/images/KAI_p138_02.png,煙,,楷書,,茶煙永日香,O,577,X
689,茶煙永日香_3,138,3,right_bottom,data/images/KAI_p138_03.png,永,,楷書,,茶煙永日香,O,577,X
690,茶煙永日香_4,138,4,left_top,data/images/KAI_p138_04.png,日,,楷書,,茶煙永日香,O,577,X
691,茶煙永日香_5,138,5,left_middle,data/images/KAI_p138_05.png,香,,楷書,,茶煙永日香,O,577,X
692,宿雨松篁色_1,139,1,right_top,data/images/KAI_p139_01.png,宿,,楷書,,宿雨松篁色,O,557,X
693,宿雨松篁色_2,139,2,right_middle,data/images/KAI_p139_02.png,雨,,楷書,,宿雨松篁色,O,557,X
694,宿雨松篁色_3,139,3,right_bottom,data/images/KAI_p139_03.png,松,,楷書,,宿雨松篁色,O,557,X
695,宿雨松篁色_4,139,4,left_top,data/images/KAI_p139_04.png,篁,,楷書,,宿雨松篁色,O,557,X
696,宿雨松篁色_5,139,5,left_middle,data/images/KAI_p139_05.png,色,,楷書,,宿雨松篁色,O,557,X
697,飲酒全其神_1,140,1,right_top,data/images/KAI_p140_01.png,飲,,楷書,,飲酒全其神,X,697,O
698,飲酒全其神_2,140,2,right_middle,data/images/KAI_p140_02.png,酒,,楷書,,飲酒全其神,X,697,O
699,飲酒全其神_3,140,3,right_bottom,data/images/KAI_p140_03.png,全,,楷書,,飲酒全其神,X,697,O
700,飲酒全其神_4,140,4,left_top,data/images/KAI_p140_04.png,其,,楷書,,飲酒全其神,X,697,O
701,飲酒全其神_5,140,5,left_middle,data/images/KAI_p140_05.png,神,,楷書,,飲酒全其神,X,697,O
702,間居幽事多_1,141,1,right_top,data/images/KAI_p141_01.png,間,,楷書,,間居幽事多,X,702,O
703,間居幽事多_2,141,2,right_middle,data/images/KAI_p141_02.png,居,,楷書,,間居幽事多,X,702,O
704,間居幽事多_3,141,3,right_bottom,data/images/KAI_p141_03.png,幽,,楷書,,間居幽事多,X,702,O
705,間居幽事多_4,141,4,left_top,data/images/KAI_p141_04.png,事,,楷書,,間居幽事多,X,702,O
706,間居幽事多_5,141,5,left_middle,data/images/KAI_p141_05.png,多,,楷書,,間居幽事多,X,702,O
707,宿雨松篁色_1,142,1,right_top,data/images/KAI_p142_01.png,宿,,楷書,,宿雨松篁色,O,557,X
708,宿雨松篁色_2,142,2,right_middle,data/images/KAI_p142_02.png,雨,,楷書,,宿雨松篁色,O,557,X
709,宿雨松篁色_3,142,3,right_bottom,data/images/KAI_p142_03.png,松,,楷書,,宿雨松篁色,O,557,X
710,宿雨松篁色_4,142,4,left_top,data/images/KAI_p142_04.png,篁,,楷書,,宿雨松篁色,O,557,X
711,宿雨松篁色_5,142,5,left_middle,data/images/KAI_p142_05.png,色,,楷書,,宿雨松篁色,O,557,X
712,初雨芳草新_1,143,1,right_top,data/images/KAI_p143_01.png,初,,楷書,,初雨芳草新,X,712,O
713,初雨芳草新_2,143,2,right_middle,data/images/KAI_p143_02.png,雨,,楷書,,初雨芳草新,X,712,O
714,初雨芳草新_3,143,3,right_bottom,data/images/KAI_p143_03.png,芳,,楷書,,初雨芳草新,X,712,O
715,初雨芳草新_4,143,4,left_top,data/images/KAI_p143_04.png,草,,楷書,,初雨芳草新,X,712,O
716,初雨芳草新_5,143,5,left_middle,data/images/KAI_p143_05.png,新,,楷書,,初雨芳草新,X,712,O
717,雨収花竹涼_1,144,1,right_top,data/images/KAI_p144_01.png,雨,,楷書,,雨収花竹涼,X,717,O
718,雨収花竹涼_2,144,2,right_middle,data/images/KAI_p144_02.png,収,,楷書,,雨収花竹涼,X,717,O
719,雨収花竹涼_3,144,3,right_bottom,data/images/KAI_p144_03.png,花,,楷書,,雨収花竹涼,X,717,O
720,雨収花竹涼_4,144,4,left_top,data/images/KAI_p144_04.png,竹,,楷書,,雨収花竹涼,X,717,O
721,雨収花竹涼_5,144,5,left_middle,data/images/KAI_p144_05.png,涼,,楷書,,雨収花竹涼,X,717,O
722,秋色雁聲邊_1,145,1,right_top,data/images/KAI_p145_01.png,秋,,楷書,,秋色雁聲邊,X,722,O
723,秋色雁聲邊_2,145,2,right_middle,data/images/KAI_p145_02.png,色,,楷書,,秋色雁聲邊,X,722,O
724,秋色雁聲邊_3,145,3,right_bottom,data/images/KAI_p145_03.png,雁,,楷書,,秋色雁聲邊,X,722,O
725,秋色雁聲邊_4,145,4,left_top,data/images/KAI_p145_04.png,聲,,楷書,,秋色雁聲邊,X,722,O
726,秋色雁聲邊_5,145,5,left_middle,data/images/KAI_p145_05.png,邊,,楷書,辺,秋色雁聲邊,X,722,O
727,怡然有餘樂_1,146,1,right_top,data/images/KAI_p146_01.png,怡,,楷書,,怡然有餘樂,X,727,O
728,怡然有餘樂_2,146,2,right_middle,data/images/KAI_p146_02.png,然,,楷書,,怡然有餘樂,X,727,O
729,怡然有餘樂_3,146,3,right_bottom,data/images/KAI_p146_03.png,有,,楷書,,怡然有餘樂,X,727,O
730,怡然有餘樂_4,146,4,left_top,data/images/KAI_p146_04.png,餘,,楷書,,怡然有餘樂,X,727,O
731,怡然有餘樂_5,146,5,left_middle,data/images/KAI_p146_05.png,樂,,楷書,,怡然有餘樂,X,727,O
732,琴書且自娯_1,147,1,right_top,data/images/KAI_p147_01.png,琴,,楷書,,琴書且自娯,O,732,O
733,琴書且自娯_2,147,2,right_middle,data/images/KAI_p147_02.png,書,,楷書,,琴書且自娯,O,732,O
734,琴書且自娯_3,147,3,right_bottom,data/images/KAI_p147_03.png,且,,楷書,,琴書且自娯,O,732,O
735,琴書且自娯_4,147,4,left_top,data/images/KAI_p147_04.png,自,,楷書,,琴書且自娯,O,732,O
736,琴書且自娯_5,147,5,left_middle,data/images/KAI_p147_05.png,娯,,楷書,,琴書且自娯,O,732,O
737,忘機無物我_1,148,1,right_top,data/images/KAI_p148_01.png,忘,,楷書,,忘機無物我,O,737,O
738,忘機無物我_2,148,2,right_middle,data/images/KAI_p148_02.png,機,,楷書,,忘機無物我,O,737,O
739,忘機無物我_3,148,3,right_bottom,data/images/KAI_p148_03.png,無,,楷書,,忘機無物我,O,737,O
740,忘機無物我_4,148,4,left_top,data/images/KAI_p148_04.png,物,,楷書,,忘機無物我,O,737,O
741,忘機無物我_5,148,5,left_middle,data/images/KAI_p148_05.png,我,,楷書,,忘機無物我,O,737,O
742,竹外茶烟静_1,149,1,right_top,data/images/KAI_p149_01.png,竹,,楷書,,竹外茶烟静,O,497,X
743,竹外茶烟静_2,149,2,right_middle,data/images/KAI_p149_02.png,外,,楷書,,竹外茶烟静,O,497,X
744,竹外茶烟静_3,149,3,right_bottom,data/images/KAI_p149_03.png,茶,,楷書,,竹外茶烟静,O,497,X
745,竹外茶烟静_4,149,4,left_top,data/images/KAI_p149_04.png,烟,,楷書,煙,竹外茶烟静,O,497,X
746,竹外茶烟静_5,149,5,left_middle,data/images/KAI_p149_05.png,静,,楷書,,竹外茶烟静,O,497,X
747,琴書且自娯_1,150,1,right_top,data/images/KAI_p150_01.png,琴,,楷書,,琴書且自娯,O,732,X
748,琴書且自娯_2,150,2,right_middle,data/images/KAI_p150_02.png,書,,楷書,,琴書且自娯,O,732,X
749,琴書且自娯_3,150,3,right_bottom,data/images/KAI_p150_03.png,且,,楷書,,琴書且自娯,O,732,X
750,琴書且自娯_4,150,4,left_top,data/images/KAI_p150_04.png,自,,楷書,,琴書且自娯,O,732,X
751,琴書且自娯_5,150,5,left_middle,data/images/KAI_p150_05.png,娯,,楷書,,琴書且自娯,O,732,X
752,水退池上熱_1,151,1,right_top,data/images/KAI_p151_01.png,水,,楷書,,水退池上熱,X,752,O
753,水退池上熱_2,151,2,right_middle,data/images/KAI_p151_02.png,退,,楷書,,水退池上熱,X,752,O
754,水退池上熱_3,151,3,right_bottom,data/images/KAI_p151_03.png,池,,楷書,,水退池上熱,X,752,O
755,水退池上熱_4,151,4,left_top,data/images/KAI_p151_04.png,上,,楷書,,水退池上熱,X,752,O
756,水退池上熱_5,151,5,left_middle,data/images/KAI_p151_05.png,熱,,楷書,,水退池上熱,X,752,O
757,寒燈竹屋閒_1,152,1,right_top,data/images/KAI_p152_01.png,寒,,楷書,,寒燈竹屋閒,X,757,O
758,寒燈竹屋閒_2,152,2,right_middle,data/images/KAI_p152_02.png,燈,,楷書,,寒燈竹屋閒,X,757,O
759,寒燈竹屋閒_3,152,3,right_bottom,data/images/KAI_p152_03.png,竹,,楷書,,寒燈竹屋閒,X,757,O
760,寒燈竹屋閒_4,152,4,left_top,data/images/KAI_p152_04.png,屋,,楷書,,寒燈竹屋閒,X,757,O
761,寒燈竹屋閒_5,152,5,left_middle,data/images/KAI_p152_05.png,閒,,楷書,間,寒燈竹屋閒,X,757,O
762,珠汗洽玉体_1,153,1,right_top,data/images/KAI_p153_01.png,珠,,楷書,,珠汗洽玉体,X,762,O
763,珠汗洽玉体_2,153,2,right_middle,data/images/KAI_p153_02.png,汗,,楷書,,珠汗洽玉体,X,762,O
764,珠汗洽玉体_3,153,3,right_bottom,data/images/KAI_p153_03.png,洽,,楷書,,珠汗洽玉体,X,762,O
765,珠汗洽玉体_4,153,4,left_top,data/images/KAI_p153_04.png,玉,,楷書,,珠汗洽玉体,X,762,O
766,珠汗洽玉体_5,153,5,left_middle,data/images/KAI_p153_05.png,体,,楷書,,珠汗洽玉体,X,762,O
767,美景恣観賞_1,154,1,right_top,data/images/KAI_p154_01.png,美,,楷書,,美景恣観賞,X,767,O
768,美景恣観賞_2,154,2,right_middle,data/images/KAI_p154_02.png,景,,楷書,,美景恣観賞,X,767,O
769,美景恣観賞_3,154,3,right_bottom,data/images/KAI_p154_03.png,恣,,楷書,,美景恣観賞,X,767,O
770,美景恣観賞_4,154,4,left_top,data/images/KAI_p154_04.png,観,,楷書,,美景恣観賞,X,767,O
771,美景恣観賞_5,154,5,left_middle,data/images/KAI_p154_05.png,賞,,楷書,,美景恣観賞,X,767,O
772,忘機無物我_1,155,1,right_top,data/images/KAI_p155_01.png,忘,,楷書,,忘機無物我,O,737,X
773,忘機無物我_2,155,2,right_middle,data/images/KAI_p155_02.png,機,,楷書,,忘機無物我,O,737,X
774,忘機無物我_3,155,3,right_bottom,data/images/KAI_p155_03.png,無,,楷書,,忘機無物我,O,737,X
775,忘機無物我_4,155,4,left_top,data/images/KAI_p155_04.png,物,,楷書,,忘機無物我,O,737,X
776,忘機無物我_5,155,5,left_middle,data/images/KAI_p155_05.png,我,,楷書,,忘機無物我,O,737,X
777,花開酒国春_1,156,1,right_top,data/images/KAI_p156_01.png,花,,楷書,,花開酒国春,X,777,O
778,花開酒国春_2,156,2,right_middle,data/images/KAI_p156_02.png,開,,楷書,,花開酒国春,X,777,O
779,花開酒国春_3,156,3,right_bottom,data/images/KAI_p156_03.png,酒,,楷書,,花開酒国春,X,777,O
780,花開酒国春_4,156,4,left_top,data/images/KAI_p156_04.png,国,,楷書,,花開酒国春,X,777,O
781,花開酒国春_5,156,5,left_middle,data/images/KAI_p156_05.png,春,,楷書,,花開酒国春,X,777,O
782,南山祝寿長_1,157,1,right_top,data/images/KAI_p157_01.png,南,,楷書,,南山祝寿長,X,782,O
783,南山祝寿長_2,157,2,right_middle,data/images/KAI_p157_02.png,山,,楷書,,南山祝寿長,X,782,O
784,南山祝寿長_3,157,3,right_bottom,data/images/KAI_p157_03.png,祝,,楷書,,南山祝寿長,X,782,O
785,南山祝寿長_4,157,4,left_top,data/images/KAI_p157_04.png,寿,,楷書,,南山祝寿長,X,782,O
786,南山祝寿長_5,157,5,left_middle,data/images/KAI_p157_05.png,長,,楷書,,南山祝寿長,X,782,O
787,静者心自妙_1,158,1,right_top,data/images/KAI_p158_01.png,静,,楷書,,静者心自妙,O,407,X
788,静者心自妙_2,158,2,right_middle,data/images/KAI_p158_02.png,者,,楷書,,静者心自妙,O,407,X
789,静者心自妙_3,158,3,right_bottom,data/images/KAI_p158_03.png,心,,楷書,,静者心自妙,O,407,X
790,静者心自妙_4,158,4,left_top,data/images/KAI_p158_04.png,自,,楷書,,静者心自妙,O,407,X
791,静者心自妙_5,158,5,left_middle,data/images/KAI_p158_05.png,妙,,楷書,,静者心自妙,O,407,X
792,昇平多楽事_1,159,1,right_top,data/images/KAI_p159_01.png,昇,,楷書,,昇平多楽事,O,162,X
793,昇平多楽事_2,159,2,right_middle,data/images/KAI_p159_02.png,平,,楷書,,昇平多楽事,O,162,X
794,昇平多楽事_3,159,3,right_bottom,data/images/KAI_p159_03.png,多,,楷書,,昇平多楽事,O,162,X
795,昇平多楽事_4,159,4,left_top,data/images/KAI_p159_04.png,楽,,楷書,,昇平多楽事,O,162,X
796,昇平多楽事_5,159,5,left_middle,data/images/KAI_p159_05.png,事,,楷書,,昇平多楽事,O,162,X
797,太和呈景運_1,160,1,right_top,data/images/KAI_p160_01.png,太,,楷書,,太和呈景運,O,107,X
798,太和呈景運_2,160,2,right_middle,data/images/KAI_p160_02.png,和,,楷書,,太和呈景運,O,107,X
799,太和呈景運_3,160,3,right_bottom,data/images/KAI_p160_03.png,呈,,楷書,,太和呈景運,O,107,X
800,太和呈景運_4,160,4,left_top,data/images/KAI_p160_04.png,景,,楷書,,太和呈景運,O,107,X
801,太和呈景運_5,160,5,left_middle,data/images/KAI_p160_05.png,運,,楷書,,太和呈景運,O,107,X
802,非徳莫如勤_1,161,1,right_top,data/images/KAI_p161_01.png,非,,楷書,,非徳莫如勤,X,802,O
803,非徳莫如勤_2,161,2,right_middle,data/images/KAI_p161_02.png,徳,,楷書,,非徳莫如勤,X,802,O
804,非徳莫如勤_3,161,3,right_bottom,data/images/KAI_p161_03.png,莫,,楷書,,非徳莫如勤,X,802,O
805,非徳莫如勤_4,161,4,left_top,data/images/KAI_p161_04.png,如,,楷書,,非徳莫如勤,X,802,O
806,非徳莫如勤_5,161,5,left_middle,data/images/KAI_p161_05.png,勤,,楷書,,非徳莫如勤,X,802,O
807,新篁動清節_1,162,1,right_top,data/images/KAI_p162_01.png,新,,楷書,,新篁動清節,O,422,X
808,新篁動清節_2,162,2,right_middle,data/images/KAI_p162_02.png,篁,,楷書,,新篁動清節,O,422,X
809,新篁動清節_3,162,3,right_bottom,data/images/KAI_p162_03.png,動,,楷書,,新篁動清節,O,422,X
810,新篁動清節_4,162,4,left_top,data/images/KAI_p162_04.png,清,,楷書,,新篁動清節,O,422,X
811,新篁動清節_5,162,5,left_middle,data/images/KAI_p162_05.png,節,,楷書,,新篁動清節,O,422,X
812,景色開芳菲_1,163,1,right_top,data/images/KAI_p163_01.png,景,,楷書,,景色開芳菲,X,812,O
813,景色開芳菲_2,163,2,right_middle,data/images/KAI_p163_02.png,色,,楷書,,景色開芳菲,X,812,O
814,景色開芳菲_3,163,3,right_bottom,data/images/KAI_p163_03.png,開,,楷書,,景色開芳菲,X,812,O
815,景色開芳菲_4,163,4,left_top,data/images/KAI_p163_04.png,芳,,楷書,,景色開芳菲,X,812,O
816,景色開芳菲_5,163,5,left_middle,data/images/KAI_p163_05.png,菲,,楷書,,景色開芳菲,X,812,O
817,寒燈竹屋間_1,164,1,right_top,data/images/KAI_p164_01.png,寒,,楷書,,寒燈竹屋間,X,817,O
818,寒燈竹屋間_2,164,2,right_middle,data/images/KAI_p164_02.png,燈,,楷書,,寒燈竹屋間,X,817,O
819,寒燈竹屋間_3,164,3,right_bottom,data/images/KAI_p164_03.png,竹,,楷書,,寒燈竹屋間,X,817,O
820,寒燈竹屋間_4,164,4,left_top,data/images/KAI_p164_04.png,屋,,楷書,,寒燈竹屋間,X,817,O
821,寒燈竹屋間_5,164,5,left_middle,data/images/KAI_p164_05.png,間,,楷書,,寒燈竹屋間,X,817,O
822,茶烟永日香_1,165,1,right_top,data/images/KAI_p165_01.png,茶,,楷書,,茶烟永日香,X,822,O
823,茶烟永日香_2,165,2,right_middle,data/images/KAI_p165_02.png,烟,,楷書,煙,茶烟永日香,X,822,O
824,茶烟永日香_3,165,3,right_bottom,data/images/KAI_p165_03.png,永,,楷書,,茶烟永日香,X,822,O
825,茶烟永日香_4,165,4,left_top,data/images/KAI_p165_04.png,日,,楷書,,茶烟永日香,X,822,O
826,茶烟永日香_5,165,5,left_middle,data/images/KAI_p165_05.png,香,,楷書,,茶烟永日香,X,822,O
827,山意向秋多_1,166,1,right_top,data/images/KAI_p166_01.png,山,,楷書,,山意向秋多,O,462,X
828,山意向秋多_2,166,2,right_middle,data/images/KAI_p166_02.png,意,,楷書,,山意向秋多,O,462,X
829,山意向秋多_3,166,3,right_bottom,data/images/KAI_p166_03.png,向,,楷書,,山意向秋多,O,462,X
830,山意向秋多_4,166,4,left_top,data/images/KAI_p166_04.png,秋,,楷書,,山意向秋多,O,462,X
831,山意向秋多_5,166,5,left_middle,data/images/KAI_p166_05.png,多,,楷書,,山意向秋多,O,462,X
832,芳春媚韶景_1,167,1,right_top,data/images/KAI_p167_01.png,芳,,楷書,,芳春媚韶景,X,832,O
833,芳春媚韶景_2,167,2,right_middle,data/images/KAI_p167_02.png,春,,楷書,,芳春媚韶景,X,832,O
834,芳春媚韶景_3,167,3,right_bottom,data/images/KAI_p167_03.png,媚,,楷書,,芳春媚韶景,X,832,O
835,芳春媚韶景_4,167,4,left_top,data/images/KAI_p167_04.png,韶,,楷書,,芳春媚韶景,X,832,O
836,芳春媚韶景_5,167,5,left_middle,data/images/KAI_p167_05.png,景,,楷書,,芳春媚韶景,X,832,O
837,暖日生花氣_1,168,1,right_top,data/images/KAI_p168_01.png,暖,,楷書,,暖日生花氣,X,837,O
838,暖日生花氣_2,168,2,right_middle,data/images/KAI_p168_02.png,日,,楷書,,暖日生花氣,X,837,O
839,暖日生花氣_3,168,3,right_bottom,data/images/KAI_p168_03.png,生,,楷書,,暖日生花氣,X,837,O
840,暖日生花氣_4,168,4,left_top,data/images/KAI_p168_04.png,花,,楷書,,暖日生花氣,X,837,O
841,暖日生花氣_5,168,5,left_middle,data/images/KAI_p168_05.png,氣,,楷書,気,暖日生花氣,X,837,O
842,青春迎淑景_1,169,1,right_top,data/images/KAI_p169_01.png,青,,楷書,,青春迎淑景,X,842,O
843,青春迎淑景_2,169,2,right_middle,data/images/KAI_p169_02.png,春,,楷書,,青春迎淑景,X,842,O
844,青春迎淑景_3,169,3,right_bottom,data/images/KAI_p169_03.png,迎,,楷書,,青春迎淑景,X,842,O
845,青春迎淑景_4,169,4,left_top,data/images/KAI_p169_04.png,淑,,楷書,,青春迎淑景,X,842,O
846,青春迎淑景_5,169,5,left_middle,data/images/KAI_p169_05.png,景,,楷書,,青春迎淑景,X,842,O
847,保合播春風_1,170,1,right_top,data/images/KAI_p170_01.png,保,,楷書,,保合播春風,O,22,X
848,保合播春風_2,170,2,right_middle,data/images/KAI_p170_02.png,合,,楷書,,保合播春風,O,22,X
849,保合播春風_3,170,3,right_bottom,data/images/KAI_p170_03.png,播,,楷書,,保合播春風,O,22,X
850,保合播春風_4,170,4,left_top,data/images/KAI_p170_04.png,春,,楷書,,保合播春風,O,22,X
851,保合播春風_5,170,5,left_middle,data/images/KAI_p170_05.png,風,,楷書,,保合播春風,O,22,X
852,春風秀芳草_1,171,1,right_top,data/images/KAI_p171_01.png,春,,楷書,,春風秀芳草,O,852,O
853,春風秀芳草_2,171,2,right_middle,data/images/KAI_p171_02.png,風,,楷書,,春風秀芳草,O,852,O
854,春風秀芳草_3,171,3,right_bottom,data/images/KAI_p171_03.png,秀,,楷書,,春風秀芳草,O,852,O
855,春風秀芳草_4,171,4,left_top,data/images/KAI_p171_04.png,芳,,楷書,,春風秀芳草,O,852,O
856,春風秀芳草_5,171,5,left_middle,data/images/KAI_p171_05.png,草,,楷書,,春風秀芳草,O,852,O
857,春風秀芳草_1,172,1,right_top,data/images/KAI_p172_01.png,春,,楷書,,春風秀芳草,O,852,X
858,春風秀芳草_2,172,2,right_middle,data/images/KAI_p172_02.png,風,,楷書,,春風秀芳草,O,852,X
859,春風秀芳草_3,172,3,right_bottom,data/images/KAI_p172_03.png,秀,,楷書,,春風秀芳草,O,852,X
860,春風秀芳草_4,172,4,left_top,data/images/KAI_p172_04.png,芳,,楷書,,春風秀芳草,O,852,X
861,春風秀芳草_5,172,5,left_middle,data/images/KAI_p172_05.png,草,,楷書,,春風秀芳草,O,852,X
862,和気作新年_1,173,1,right_top,data/images/KAI_p173_01.png,和,,楷書,,和気作新年,X,862,O
863,和気作新年_2,173,2,right_middle,data/images/KAI_p173_02.png,気,,楷書,,和気作新年,X,862,O
864,和気作新年_3,173,3,right_bottom,data/images/KAI_p173_03.png,作,,楷書,,和気作新年,X,862,O
865,和気作新年_4,173,4,left_top,data/images/KAI_p173_04.png,新,,楷書,,和気作新年,X,862,O
866,和気作新年_5,173,5,left_middle,data/images/KAI_p173_05.png,年,,楷書,,和気作新年,X,862,O