sheet_id,page,slot,slot_name,image_path,char,yomi,style,note,set,,
梅艶昔年枝_1,1,1,right_top,data/images/KAI_p001_01.png,梅,うめ,楷書,,梅艶昔年枝,O,
梅艶昔年枝_2,1,2,right_middle,data/images/KAI_p001_02.png,艶,つや,楷書,,梅艶昔年枝,O,
梅艶昔年枝_3,1,3,right_bottom,data/images/KAI_p001_03.png,昔,むかし,楷書,,梅艶昔年枝,O,
梅艶昔年枝_4,1,4,left_top,data/images/KAI_p001_04.png,年,ねん,楷書,,梅艶昔年枝,O,
梅艶昔年枝_5,1,5,left_middle,data/images/KAI_p001_05.png,枝,えだ,楷書,,梅艶昔年枝,O,
早雁拂金河_1,2,1,right_top,data/images/KAI_p002_01.png,早,そう,楷書,,早雁拂金河,X,
早雁拂金河_2,2,2,right_middle,data/images/KAI_p002_02.png,雁,がん,楷書,,早雁拂金河,X,
早雁拂金河_3,2,3,right_bottom,data/images/KAI_p002_03.png,拂,ふつ,楷書,払,早雁拂金河,X,
早雁拂金河_4,2,4,left_top,data/images/KAI_p002_04.png,金,きん,楷書,,早雁拂金河,X,
早雁拂金河_5,2,5,left_middle,data/images/KAI_p002_05.png,河,かわ,楷書,,早雁拂金河,X,
移竹喜微陰_1,3,1,right_top,data/images/KAI_p003_01.png,移,い,楷書,,移竹喜微陰,X,
移竹喜微陰_2,3,2,right_middle,data/images/KAI_p003_02.png,竹,たけ,楷書,,移竹喜微陰,X,
移竹喜微陰_3,3,3,right_bottom,data/images/KAI_p003_03.png,喜,き,楷書,,移竹喜微陰,X,
移竹喜微陰_4,3,4,left_top,data/images/KAI_p003_04.png,微,び,楷書,,移竹喜微陰,X,
移竹喜微陰_5,3,5,left_middle,data/images/KAI_p003_05.png,陰,いん,楷書,,移竹喜微陰,X,
清坐契心賞_1,4,1,right_top,data/images/KAI_p004_01.png,清,きよし,楷書,,清坐契心賞,O,
清坐契心賞_2,4,2,right_middle,data/images/KAI_p004_02.png,坐,ざ,楷書,,清坐契心賞,O,
清坐契心賞_3,4,3,right_bottom,data/images/KAI_p004_03.png,契,けい,楷書,,清坐契心賞,O,
清坐契心賞_4,4,4,left_top,data/images/KAI_p004_04.png,心,こころ,楷書,,清坐契心賞,O,
清坐契心賞_5,4,5,left_middle,data/images/KAI_p004_05.png,賞,しょう,楷書,,清坐契心賞,O,
保合播春風_1,5,1,right_top,data/images/KAI_p005_01.png,保,ほ,楷書,,保合播春風,O,
保合播春風_2,5,2,right_middle,data/images/KAI_p005_02.png,合,ごう,楷書,,保合播春風,O,
保合播春風_3,5,3,right_bottom,data/images/KAI_p005_03.png,播,ばん,楷書,,保合播春風,O,
保合播春風_4,5,4,left_top,data/images/KAI_p005_04.png,春,はる,楷書,,保合播春風,O,
保合播春風_5,5,5,left_middle,data/images/KAI_p005_05.png,風,かぜ,楷書,,保合播春風,O,
松竹助清幽_1,6,1,right_top,data/images/KAI_p006_01.png,松,まつ,楷書,,松竹助清幽,X,
松竹助清幽_2,6,2,right_middle,data/images/KAI_p006_02.png,竹,たけ,楷書,,松竹助清幽,X,
松竹助清幽_3,6,3,right_bottom,data/images/KAI_p006_03.png,助,じょ,楷書,,松竹助清幽,X,
松竹助清幽_4,6,4,left_top,data/images/KAI_p006_04.png,清,きよし,楷書,,松竹助清幽,X,
松竹助清幽_5,6,5,left_middle,data/images/KAI_p006_05.png,幽,ゆう,楷書,,松竹助清幽,X,
黄鳥話春深_1,7,1,right_top,data/images/KAI_p007_01.png,黄,き,楷書,,黄鳥話春深,O,
黄鳥話春深_2,7,2,right_middle,data/images/KAI_p007_02.png,鳥,とり,楷書,,黄鳥話春深,O,
黄鳥話春深_3,7,3,right_bottom,data/images/KAI_p007_03.png,話,はなし,楷書,,黄鳥話春深,O,
黄鳥話春深_4,7,4,left_top,data/images/KAI_p007_04.png,春,はる,楷書,,黄鳥話春深,O,
黄鳥話春深_5,7,5,left_middle,data/images/KAI_p007_05.png,深,しん,楷書,,黄鳥話春深,O,
秋風枝上鮮_1,8,1,right_top,data/images/KAI_p008_01.png,秋,あき,楷書,,秋風枝上鮮,X,
秋風枝上鮮_2,8,2,right_middle,data/images/KAI_p008_02.png,風,かぜ,楷書,,秋風枝上鮮,X,
秋風枝上鮮_3,8,3,right_bottom,data/images/KAI_p008_03.png,枝,えだ,楷書,,秋風枝上鮮,X,
秋風枝上鮮_4,8,4,left_top,data/images/KAI_p008_04.png,上,うえ,楷書,,秋風枝上鮮,X,
秋風枝上鮮_5,8,5,left_middle,data/images/KAI_p008_05.png,鮮,せん,楷書,,秋風枝上鮮,X,
萬家太平春_1,9,1,right_top,data/images/KAI_p009_01.png,萬,まん,楷書,,萬家太平春,X,
萬家太平春_2,9,2,right_middle,data/images/KAI_p009_02.png,家,いえ,楷書,,萬家太平春,X,
萬家太平春_3,9,3,right_bottom,data/images/KAI_p009_03.png,太,た,楷書,,萬家太平春,X,
萬家太平春_4,9,4,left_top,data/images/KAI_p009_04.png,平,たいら,楷書,,萬家太平春,X,
萬家太平春_5,9,5,left_middle,data/images/KAI_p009_05.png,春,はる,楷書,,萬家太平春,X,
白雲還自散_1,10,1,right_top,data/images/KAI_p010_01.png,白,しろ,楷書,,白雲還自散,X,
白雲還自散_2,10,2,right_middle,data/images/KAI_p010_02.png,雲,くも,楷書,,白雲還自散,X,
白雲還自散_3,10,3,right_bottom,data/images/KAI_p010_03.png,還,かん,楷書,,白雲還自散,X,
白雲還自散_4,10,4,left_top,data/images/KAI_p010_04.png,自,じ,楷書,,白雲還自散,X,
白雲還自散_5,10,5,left_middle,data/images/KAI_p010_05.png,散,さん,楷書,,白雲還自散,X,
千峰紅葉村_1,11,1,right_top,data/images/KAI_p011_01.png,千,せん,楷書,,千峰紅葉村,O,
千峰紅葉村_2,11,2,right_middle,data/images/KAI_p011_02.png,峰,みね,楷書,,千峰紅葉村,O,
千峰紅葉村_3,11,3,right_bottom,data/images/KAI_p011_03.png,紅,くれない,楷書,,千峰紅葉村,O,
千峰紅葉村_4,11,4,left_top,data/images/KAI_p011_04.png,葉,は,楷書,,千峰紅葉村,O,
千峰紅葉村_5,11,5,left_middle,data/images/KAI_p011_05.png,村,むら,楷書,,千峰紅葉村,O,
日晒硯池氷_1,12,1,right_top,data/images/KAI_p012_01.png,日,にち,楷書,,日晒硯池氷,X,
日晒硯池氷_2,12,2,right_middle,data/images/KAI_p012_02.png,晒,さらし,楷書,,日晒硯池氷,X,
日晒硯池氷_3,12,3,right_bottom,data/images/KAI_p012_03.png,硯,すずり,楷書,,日晒硯池氷,X,
日晒硯池氷_4,12,4,left_top,data/images/KAI_p012_04.png,池,いけ,楷書,,日晒硯池氷,X,
日晒硯池氷_5,12,5,left_middle,data/images/KAI_p012_05.png,氷,こおり,楷書,,日晒硯池氷,X,
新庭松桂香_1,13,1,right_top,data/images/KAI_p013_01.png,新,しん,楷書,,新庭松桂香,X,
新庭松桂香_2,13,2,right_middle,data/images/KAI_p013_02.png,庭,にわ,楷書,,新庭松桂香,X,
新庭松桂香_3,13,3,right_bottom,data/images/KAI_p013_03.png,松,まつ,楷書,,新庭松桂香,X,
新庭松桂香_4,13,4,left_top,data/images/KAI_p013_04.png,桂,かつら,楷書,,新庭松桂香,X,
新庭松桂香_5,13,5,left_middle,data/images/KAI_p013_05.png,香,かおり,楷書,,新庭松桂香,X,
茶話坐忘機_1,14,1,right_top,data/images/KAI_p014_01.png,茶,ちゃ,楷書,,茶話坐忘機,X,
茶話坐忘機_2,14,2,right_middle,data/images/KAI_p014_02.png,話,はなし,楷書,,茶話坐忘機,X,
茶話坐忘機_3,14,3,right_bottom,data/images/KAI_p014_03.png,坐,ざ,楷書,,茶話坐忘機,X,
茶話坐忘機_4,14,4,left_top,data/images/KAI_p014_04.png,忘,ぼう,楷書,,茶話坐忘機,X,
茶話坐忘機_5,14,5,left_middle,data/images/KAI_p014_05.png,機,き,楷書,,茶話坐忘機,X,
竹細野池幽_1,15,1,right_top,data/images/KAI_p015_01.png,竹,たけ,楷書,,竹細野池幽,O,
竹細野池幽_2,15,2,right_middle,data/images/KAI_p015_02.png,細,さい,楷書,,竹細野池幽,O,
竹細野池幽_3,15,3,right_bottom,data/images/KAI_p015_03.png,野,の,楷書,,竹細野池幽,O,
竹細野池幽_4,15,4,left_top,data/images/KAI_p015_04.png,池,いけ,楷書,,竹細野池幽,O,
竹細野池幽_5,15,5,left_middle,data/images/KAI_p015_05.png,幽,ゆう,楷書,,竹細野池幽,O,
木葉動秋聲_1,16,1,right_top,data/images/KAI_p016_01.png,木,き,楷書,,木葉動秋聲,X,
木葉動秋聲_2,16,2,right_middle,data/images/KAI_p016_02.png,葉,は,楷書,,木葉動秋聲,X,
木葉動秋聲_3,16,3,right_bottom,data/images/KAI_p016_03.png,動,どう,楷書,,木葉動秋聲,X,
木葉動秋聲_4,16,4,left_top,data/images/KAI_p016_04.png,秋,あき,楷書,,木葉動秋聲,X,
木葉動秋聲_5,16,5,left_middle,data/images/KAI_p016_05.png,聲,こえ,楷書,,木葉動秋聲,X,
寒窓夢不成_1,17,1,right_top,data/images/KAI_p017_01.png,寒,かん,楷書,,寒窓夢不成,X,
寒窓夢不成_2,17,2,right_middle,data/images/KAI_p017_02.png,窓,まど,楷書,,寒窓夢不成,X,
寒窓夢不成_3,17,3,right_bottom,data/images/KAI_p017_03.png,夢,ゆめ,楷書,,寒窓夢不成,X,
寒窓夢不成_4,17,4,left_top,data/images/KAI_p017_04.png,不,ふ,楷書,,寒窓夢不成,X,
寒窓夢不成_5,17,5,left_middle,data/images/KAI_p017_05.png,成,せい,楷書,,寒窓夢不成,X,
松閒照新月_1,18,1,right_top,data/images/KAI_p018_01.png,松,まつ,楷書,,松閒照新月,X,
松閒照新月_2,18,2,right_middle,data/images/KAI_p018_02.png,閒,かん,楷書,間,松閒照新月,X,
松閒照新月_3,18,3,right_bottom,data/images/KAI_p018_03.png,照,しょう,楷書,,松閒照新月,X,
松閒照新月_4,18,4,left_top,data/images/KAI_p018_04.png,新,しん,楷書,,松閒照新月,X,
松閒照新月_5,18,5,left_middle,data/images/KAI_p018_05.png,月,がつ,楷書,,松閒照新月,X,
言温而氣和_1,19,1,right_top,data/images/KAI_p019_01.png,言,げん,楷書,,言温而氣和,O,
言温而氣和_2,19,2,right_middle,data/images/KAI_p019_02.png,温,おん,楷書,,言温而氣和,O,
言温而氣和_3,19,3,right_bottom,data/images/KAI_p019_03.png,而,じ,楷書,,言温而氣和,O,
言温而氣和_4,19,4,left_top,data/images/KAI_p019_04.png,氣,き,楷書,気,言温而氣和,O,
言温而氣和_5,19,5,left_middle,data/images/KAI_p019_05.png,和,わ,楷書,,言温而氣和,O,
髙潔雲入情_1,20,1,right_top,data/images/KAI_p020_01.png,髙,たか,楷書,高,髙潔雲入情,O,
髙潔雲入情_2,20,2,right_middle,data/images/KAI_p020_02.png,潔,きよし,楷書,,髙潔雲入情,O,
髙潔雲入情_3,20,3,right_bottom,data/images/KAI_p020_03.png,雲,くも,楷書,,髙潔雲入情,O,
髙潔雲入情_4,20,4,left_top,data/images/KAI_p020_04.png,入,にゅう,楷書,,髙潔雲入情,O,
髙潔雲入情_5,20,5,left_middle,data/images/KAI_p020_05.png,情,じょう,楷書,,髙潔雲入情,O,
陽暉爍四野_1,21,1,right_top,data/images/KAI_p021_01.png,陽,よう,楷書,,陽暉爍四野,O,
陽暉爍四野_2,21,2,right_middle,data/images/KAI_p021_02.png,暉,き,楷書,,陽暉爍四野,O,
陽暉爍四野_3,21,3,right_bottom,data/images/KAI_p021_03.png,爍,しゃく,楷書,,陽暉爍四野,O,
陽暉爍四野_4,21,4,left_top,data/images/KAI_p021_04.png,四,し,楷書,,陽暉爍四野,O,
陽暉爍四野_5,21,5,left_middle,data/images/KAI_p021_05.png,野,の,楷書,,陽暉爍四野,O,
太和呈景運_1,22,1,right_top,data/images/KAI_p022_01.png,太,た,楷書,,太和呈景運,O,
太和呈景運_2,22,2,right_middle,data/images/KAI_p022_02.png,和,わ,楷書,,太和呈景運,O,
太和呈景運_3,22,3,right_bottom,data/images/KAI_p022_03.png,呈,てい,楷書,,太和呈景運,O,
太和呈景運_4,22,4,left_top,data/images/KAI_p022_04.png,景,けい,楷書,,太和呈景運,O,
太和呈景運_5,22,5,left_middle,data/images/KAI_p022_05.png,運,うん,楷書,,太和呈景運,O,
陽暉爍四野_1,23,1,right_top,data/images/KAI_p023_01.png,陽,よう,楷書,,陽暉爍四野,O,
陽暉爍四野_2,23,2,right_middle,data/images/KAI_p023_02.png,暉,き,楷書,,陽暉爍四野,O,
陽暉爍四野_3,23,3,right_bottom,data/images/KAI_p023_03.png,爍,しゃく,楷書,,陽暉爍四野,O,
陽暉爍四野_4,23,4,left_top,data/images/KAI_p023_04.png,四,し,楷書,,陽暉爍四野,O,
陽暉爍四野_5,23,5,left_middle,data/images/KAI_p023_05.png,野,の,楷書,,陽暉爍四野,O,
烟雲冷硯池_1,24,1,right_top,data/images/KAI_p024_01.png,烟,けむり,楷書,,烟雲冷硯池,X,
烟雲冷硯池_2,24,2,right_middle,data/images/KAI_p024_02.png,雲,くも,楷書,,烟雲冷硯池,X,
烟雲冷硯池_3,24,3,right_bottom,data/images/KAI_p024_03.png,冷,れい,楷書,,烟雲冷硯池,X,
烟雲冷硯池_4,24,4,left_top,data/images/KAI_p024_04.png,硯,すずり,楷書,,烟雲冷硯池,X,
烟雲冷硯池_5,24,5,left_middle,data/images/KAI_p024_05.png,池,いけ,楷書,,烟雲冷硯池,X,
雁字寫秋雲_1,25,1,right_top,data/images/KAI_p025_01.png,雁,がん,楷書,,雁字寫秋雲,X,
雁字寫秋雲_2,25,2,right_middle,data/images/KAI_p025_02.png,字,じ,楷書,,雁字寫秋雲,X,
雁字寫秋雲_3,25,3,right_bottom,data/images/KAI_p025_03.png,寫,しゃ,楷書,写,雁字寫秋雲,X,
雁字寫秋雲_4,25,4,left_top,data/images/KAI_p025_04.png,秋,あき,楷書,,雁字寫秋雲,X,
雁字寫秋雲_5,25,5,left_middle,data/images/KAI_p025_05.png,雲,くも,楷書,,雁字寫秋雲,X,
禅房花木深_1,26,1,right_top,data/images/KAI_p026_01.png,禅,ぜん,楷書,,禅房花木深,X,
禅房花木深_2,26,2,right_middle,data/images/KAI_p026_02.png,房,ぼう,楷書,,禅房花木深,X,
禅房花木深_3,26,3,right_bottom,data/images/KAI_p026_03.png,花,はな,楷書,,禅房花木深,X,
禅房花木深_4,26,4,left_top,data/images/KAI_p026_04.png,木,き,楷書,,禅房花木深,X,
禅房花木深_5,26,5,left_middle,data/images/KAI_p026_05.png,深,しん,楷書,,禅房花木深,X,
葉落楓千樹_1,27,1,right_top,data/images/KAI_p027_01.png,葉,は,楷書,,葉落楓千樹,X,
葉落楓千樹_2,27,2,right_middle,data/images/KAI_p027_02.png,落,らく,楷書,,葉落楓千樹,X,
葉落楓千樹_3,27,3,right_bottom,data/images/KAI_p027_03.png,楓,もみじ,楷書,,葉落楓千樹,X,
葉落楓千樹_4,27,4,left_top,data/images/KAI_p027_04.png,千,せん,楷書,,葉落楓千樹,X,
葉落楓千樹_5,27,5,left_middle,data/images/KAI_p027_05.png,樹,き,楷書,,葉落楓千樹,X,
髙潔雲入情_1,28,1,right_top,data/images/KAI_p028_01.png,髙,たか,楷書,高,髙潔雲入情,O,
髙潔雲入情_2,28,2,right_middle,data/images/KAI_p028_02.png,潔,きよし,楷書,,髙潔雲入情,O,
髙潔雲入情_3,28,3,right_bottom,data/images/KAI_p028_03.png,雲,くも,楷書,,髙潔雲入情,O,
髙潔雲入情_4,28,4,left_top,data/images/KAI_p028_04.png,入,にゅう,楷書,,髙潔雲入情,O,
髙潔雲入情_5,28,5,left_middle,data/images/KAI_p028_05.png,情,じょう,楷書,,髙潔雲入情,O,
蒲酒話昇平_1,29,1,right_top,data/images/KAI_p029_01.png,蒲,かま,楷書,,蒲酒話昇平,X,
蒲酒話昇平_2,29,2,right_middle,data/images/KAI_p029_02.png,酒,さけ,楷書,,蒲酒話昇平,X,
蒲酒話昇平_3,29,3,right_bottom,data/images/KAI_p029_03.png,話,はなし,楷書,,蒲酒話昇平,X,
蒲酒話昇平_4,29,4,left_top,data/images/KAI_p029_04.png,昇,のぼる,楷書,,蒲酒話昇平,X,
蒲酒話昇平_5,29,5,left_middle,data/images/KAI_p029_05.png,平,たいら,楷書,,蒲酒話昇平,X,
雅意在丘壁_1,30,1,right_top,data/images/KAI_p030_01.png,雅,まさ,楷書,,雅意在丘壁,X,
雅意在丘壁_2,30,2,right_middle,data/images/KAI_p030_02.png,意,い,楷書,,雅意在丘壁,X,
雅意在丘壁_3,30,3,right_bottom,data/images/KAI_p030_03.png,在,ざい,楷書,,雅意在丘壁,X,
雅意在丘壁_4,30,4,left_top,data/images/KAI_p030_04.png,丘,おか,楷書,,雅意在丘壁,X,
雅意在丘壁_5,30,5,left_middle,data/images/KAI_p030_05.png,壁,かべ,楷書,,雅意在丘壁,X,
明月輝林道_1,31,1,right_top,data/images/KAI_p031_01.png,明,めい,楷書,,明月輝林道,X,
明月輝林道_2,31,2,right_middle,data/images/KAI_p031_02.png,月,がつ,楷書,,明月輝林道,X,
明月輝林道_3,31,3,right_bottom,data/images/KAI_p031_03.png,輝,てる,楷書,,明月輝林道,X,
明月輝林道_4,31,4,left_top,data/images/KAI_p031_04.png,林,はやし,楷書,,明月輝林道,X,
明月輝林道_5,31,5,left_middle,data/images/KAI_p031_05.png,道,みち,楷書,,明月輝林道,X,
心正則筆正_1,32,1,right_top,data/images/KAI_p032_01.png,心,こころ,楷書,,心正則筆正,X,
心正則筆正_2,32,2,right_middle,data/images/KAI_p032_02.png,正,せい,楷書,,心正則筆正,X,
心正則筆正_3,32,3,right_bottom,data/images/KAI_p032_03.png,則,のり,楷書,,心正則筆正,X,
心正則筆正_4,32,4,left_top,data/images/KAI_p032_04.png,筆,ふで,楷書,,心正則筆正,X,
心正則筆正_5,32,5,left_middle,data/images/KAI_p032_05.png,正,せい,楷書,,心正則筆正,X,
昇平多楽事_1,33,1,right_top,data/images/KAI_p033_01.png,昇,のぼる,楷書,,昇平多楽事,O,
昇平多楽事_2,33,2,right_middle,data/images/KAI_p033_02.png,平,たいら,楷書,,昇平多楽事,O,
昇平多楽事_3,33,3,right_bottom,data/images/KAI_p033_03.png,多,た,楷書,,昇平多楽事,O,
昇平多楽事_4,33,4,left_top,data/images/KAI_p033_04.png,楽,らく,楷書,,昇平多楽事,O,
昇平多楽事_5,33,5,left_middle,data/images/KAI_p033_05.png,事,こと,楷書,,昇平多楽事,O,
野菊淡秋心_1,34,1,right_top,data/images/KAI_p034_01.png,野,の,楷書,,野菊淡秋心,O,
野菊淡秋心_2,34,2,right_middle,data/images/KAI_p034_02.png,菊,きく,楷書,,野菊淡秋心,O,
野菊淡秋心_3,34,3,right_bottom,data/images/KAI_p034_03.png,淡,たん,楷書,,野菊淡秋心,O,
野菊淡秋心_4,34,4,left_top,data/images/KAI_p034_04.png,秋,あき,楷書,,野菊淡秋心,O,
野菊淡秋心_5,34,5,left_middle,data/images/KAI_p034_05.png,心,こころ,楷書,,野菊淡秋心,O,
萬歳寿而康_1,35,1,right_top,data/images/KAI_p035_01.png,萬,まん,楷書,,萬歳寿而康,X,
萬歳寿而康_2,35,2,right_middle,data/images/KAI_p035_02.png,歳,とし,楷書,,萬歳寿而康,X,
萬歳寿而康_3,35,3,right_bottom,data/images/KAI_p035_03.png,寿,ひさし,楷書,,萬歳寿而康,X,
萬歳寿而康_4,35,4,left_top,data/images/KAI_p035_04.png,而,じ,楷書,,萬歳寿而康,X,
萬歳寿而康_5,35,5,left_middle,data/images/KAI_p035_05.png,康,やすし,楷書,,萬歳寿而康,X,
松竹水聲涼_1,36,1,right_top,data/images/KAI_p036_01.png,松,まつ,楷書,,松竹水聲涼,O,
松竹水聲涼_2,36,2,right_middle,data/images/KAI_p036_02.png,竹,たけ,楷書,,松竹水聲涼,O,
松竹水聲涼_3,36,3,right_bottom,data/images/KAI_p036_03.png,水,みず,楷書,,松竹水聲涼,O,
松竹水聲涼_4,36,4,left_top,data/images/KAI_p036_04.png,聲,こえ,楷書,,松竹水聲涼,O,
松竹水聲涼_5,36,5,left_middle,data/images/KAI_p036_05.png,涼,りょう,楷書,,松竹水聲涼,O,
弄琴宜在夜_1,37,1,right_top,data/images/KAI_p037_01.png,弄,ろう,楷書,,弄琴宜在夜,X,
弄琴宜在夜_2,37,2,right_middle,data/images/KAI_p037_02.png,琴,こん,楷書,,弄琴宜在夜,X,
弄琴宜在夜_3,37,3,right_bottom,data/images/KAI_p037_03.png,宜,ぎ,楷書,,弄琴宜在夜,X,
弄琴宜在夜_4,37,4,left_top,data/images/KAI_p037_04.png,在,ざい,楷書,,弄琴宜在夜,X,
弄琴宜在夜_5,37,5,left_middle,data/images/KAI_p037_05.png,夜,よる,楷書,,弄琴宜在夜,X,
涼雨消炎煥_1,38,1,right_top,data/images/KAI_p038_01.png,涼,りょう,楷書,,涼雨消炎煥,X,
涼雨消炎煥_2,38,2,right_middle,data/images/KAI_p038_02.png,雨,あめ,楷書,,涼雨消炎煥,X,
涼雨消炎煥_3,38,3,right_bottom,data/images/KAI_p038_03.png,消,しょう,楷書,,涼雨消炎煥,X,
涼雨消炎煥_4,38,4,left_top,data/images/KAI_p038_04.png,炎,ほのお,楷書,,涼雨消炎煥,X,
涼雨消炎煥_5,38,5,left_middle,data/images/KAI_p038_05.png,煥,かん,楷書,,涼雨消炎煥,X,
千峰紅葉村_1,39,1,right_top,data/images/KAI_p039_01.png,千,せん,楷書,,千峰紅葉村,O,
千峰紅葉村_2,39,2,right_middle,data/images/KAI_p039_02.png,峰,みね,楷書,,千峰紅葉村,O,
千峰紅葉村_3,39,3,right_bottom,data/images/KAI_p039_03.png,紅,くれない,楷書,,千峰紅葉村,O,
千峰紅葉村_4,39,4,left_top,data/images/KAI_p039_04.png,葉,は,楷書,,千峰紅葉村,O,
千峰紅葉村_5,39,5,left_middle,data/images/KAI_p039_05.png,村,むら,楷書,,千峰紅葉村,O,
清秋最可人_1,40,1,right_top,data/images/KAI_p040_01.png,清,きよし,楷書,,清秋最可人,X,
清秋最可人_2,40,2,right_middle,data/images/KAI_p040_02.png,秋,あき,楷書,,清秋最可人,X,
清秋最可人_3,40,3,right_bottom,data/images/KAI_p040_03.png,最,さい,楷書,,清秋最可人,X,
清秋最可人_4,40,4,left_top,data/images/KAI_p040_04.png,可,か,楷書,,清秋最可人,X,
清秋最可人_5,40,5,left_middle,data/images/KAI_p040_05.png,人,にん,楷書,,清秋最可人,X,
瑶草三秋色_1,41,1,right_top,data/images/KAI_p041_01.png,瑶,よう,楷書,,瑶草三秋色,O,
瑶草三秋色_2,41,2,right_middle,data/images/KAI_p041_02.png,草,くさ,楷書,,瑶草三秋色,O,
瑶草三秋色_3,41,3,right_bottom,data/images/KAI_p041_03.png,三,さん,楷書,,瑶草三秋色,O,
瑶草三秋色_4,41,4,left_top,data/images/KAI_p041_04.png,秋,あき,楷書,,瑶草三秋色,O,
瑶草三秋色_5,41,5,left_middle,data/images/KAI_p041_05.png,色,いろ,楷書,,瑶草三秋色,O,
賀扇動清風_1,42,1,right_top,data/images/KAI_p042_01.png,賀,が,楷書,,賀扇動清風,X,
賀扇動清風_2,42,2,right_middle,data/images/KAI_p042_02.png,扇,おうぎ,楷書,,賀扇動清風,X,
賀扇動清風_3,42,3,right_bottom,data/images/KAI_p042_03.png,動,どう,楷書,,賀扇動清風,X,
賀扇動清風_4,42,4,left_top,data/images/KAI_p042_04.png,清,きよし,楷書,,賀扇動清風,X,
賀扇動清風_5,42,5,left_middle,data/images/KAI_p042_05.png,風,かぜ,楷書,,賀扇動清風,X,
涼夜如清水_1,43,1,right_top,data/images/KAI_p043_01.png,涼,りょう,楷書,,涼夜如清水,X,
涼夜如清水_2,43,2,right_middle,data/images/KAI_p043_02.png,夜,よる,楷書,,涼夜如清水,X,
涼夜如清水_3,43,3,right_bottom,data/images/KAI_p043_03.png,如,じょ,楷書,,涼夜如清水,X,
涼夜如清水_4,43,4,left_top,data/images/KAI_p043_04.png,清,きよし,楷書,,涼夜如清水,X,
涼夜如清水_5,43,5,left_middle,data/images/KAI_p043_05.png,水,みず,楷書,,涼夜如清水,X,
梅花呈秀色_1,44,1,right_top,data/images/KAI_p044_01.png,梅,うめ,楷書,,梅花呈秀色,O,
梅花呈秀色_2,44,2,right_middle,data/images/KAI_p044_02.png,花,はな,楷書,,梅花呈秀色,O,
梅花呈秀色_3,44,3,right_bottom,data/images/KAI_p044_03.png,呈,てい,楷書,,梅花呈秀色,O,
梅花呈秀色_4,44,4,left_top,data/images/KAI_p044_04.png,秀,しゅう,楷書,,梅花呈秀色,O,
梅花呈秀色_5,44,5,left_middle,data/images/KAI_p044_05.png,色,いろ,楷書,,梅花呈秀色,O,
福生於清約_1,45,1,right_top,data/images/KAI_p045_01.png,福,ふく,楷書,,福生於清約,X,
福生於清約_2,45,2,right_middle,data/images/KAI_p045_02.png,生,なま,楷書,,福生於清約,X,
福生於清約_3,45,3,right_bottom,data/images/KAI_p045_03.png,於,お,楷書,,福生於清約,X,
福生於清約_4,45,4,left_top,data/images/KAI_p045_04.png,清,きよし,楷書,,福生於清約,X,
福生於清約_5,45,5,left_middle,data/images/KAI_p045_05.png,約,やく,楷書,,福生於清約,X,
寒色五陵松_1,46,1,right_top,data/images/KAI_p046_01.png,寒,かん,楷書,,寒色五陵松,X,
寒色五陵松_2,46,2,right_middle,data/images/KAI_p046_02.png,色,いろ,楷書,,寒色五陵松,X,
寒色五陵松_3,46,3,right_bottom,data/images/KAI_p046_03.png,五,ご,楷書,,寒色五陵松,X,
寒色五陵松_4,46,4,left_top,data/images/KAI_p046_04.png,陵,りょう,楷書,,寒色五陵松,X,
寒色五陵松_5,46,5,left_middle,data/images/KAI_p046_05.png,松,まつ,楷書,,寒色五陵松,X,
清坐契心賞_1,47,1,right_top,data/images/KAI_p047_01.png,清,きよし,楷書,,清坐契心賞,O,
清坐契心賞_2,47,2,right_middle,data/images/KAI_p047_02.png,坐,ざ,楷書,,清坐契心賞,O,
清坐契心賞_3,47,3,right_bottom,data/images/KAI_p047_03.png,契,けい,楷書,,清坐契心賞,O,
清坐契心賞_4,47,4,left_top,data/images/KAI_p047_04.png,心,こころ,楷書,,清坐契心賞,O,
清坐契心賞_5,47,5,left_middle,data/images/KAI_p047_05.png,賞,しょう,楷書,,清坐契心賞,O,
筆硯得佳友_1,48,1,right_top,data/images/KAI_p048_01.png,筆,ふで,楷書,,筆硯得佳友,X,
筆硯得佳友_2,48,2,right_middle,data/images/KAI_p048_02.png,硯,すずり,楷書,,筆硯得佳友,X,
筆硯得佳友_3,48,3,right_bottom,data/images/KAI_p048_03.png,得,え,楷書,,筆硯得佳友,X,
筆硯得佳友_4,48,4,left_top,data/images/KAI_p048_04.png,佳,か,楷書,,筆硯得佳友,X,
筆硯得佳友_5,48,5,left_middle,data/images/KAI_p048_05.png,友,とも,楷書,,筆硯得佳友,X,
桃花千歳春_1,49,1,right_top,data/images/KAI_p049_01.png,桃,もも,楷書,,桃花千歳春,O,
桃花千歳春_2,49,2,right_middle,data/images/KAI_p049_02.png,花,はな,楷書,,桃花千歳春,O,
桃花千歳春_3,49,3,right_bottom,data/images/KAI_p049_03.png,千,せん,楷書,,桃花千歳春,O,
桃花千歳春_4,49,4,left_top,data/images/KAI_p049_04.png,歳,とし,楷書,,桃花千歳春,O,
桃花千歳春_5,49,5,left_middle,data/images/KAI_p049_05.png,春,はる,楷書,,桃花千歳春,O,
瑶草三秋色_1,50,1,right_top,data/images/KAI_p050_01.png,瑶,よう,楷書,,瑶草三秋色,O,
瑶草三秋色_2,50,2,right_middle,data/images/KAI_p050_02.png,草,くさ,楷書,,瑶草三秋色,O,
瑶草三秋色_3,50,3,right_bottom,data/images/KAI_p050_03.png,三,さん,楷書,,瑶草三秋色,O,
瑶草三秋色_4,50,4,left_top,data/images/KAI_p050_04.png,秋,あき,楷書,,瑶草三秋色,O,
瑶草三秋色_5,50,5,left_middle,data/images/KAI_p050_05.png,色,いろ,楷書,,瑶草三秋色,O,
公心如日月_1,51,1,right_top,data/images/KAI_p051_01.png,公,こう,楷書,,公心如日月,X,
公心如日月_2,51,2,right_middle,data/images/KAI_p051_02.png,心,こころ,楷書,,公心如日月,X,
公心如日月_3,51,3,right_bottom,data/images/KAI_p051_03.png,如,じょ,楷書,,公心如日月,X,
公心如日月_4,51,4,left_top,data/images/KAI_p051_04.png,日,にち,楷書,,公心如日月,X,
公心如日月_5,51,5,left_middle,data/images/KAI_p051_05.png,月,がつ,楷書,,公心如日月,X,
梅花呈秀色_1,52,1,right_top,data/images/KAI_p052_01.png,梅,うめ,楷書,,梅花呈秀色,O,
梅花呈秀色_2,52,2,right_middle,data/images/KAI_p052_02.png,花,はな,楷書,,梅花呈秀色,O,
梅花呈秀色_3,52,3,right_bottom,data/images/KAI_p052_03.png,呈,てい,楷書,,梅花呈秀色,O,
梅花呈秀色_4,52,4,left_top,data/images/KAI_p052_04.png,秀,しゅう,楷書,,梅花呈秀色,O,
梅花呈秀色_5,52,5,left_middle,data/images/KAI_p052_05.png,色,いろ,楷書,,梅花呈秀色,O,
山峰染月寒_1,53,1,right_top,data/images/KAI_p053_01.png,山,やま,楷書,,山峰染月寒,X,
山峰染月寒_2,53,2,right_middle,data/images/KAI_p053_02.png,峰,みね,楷書,,山峰染月寒,X,
山峰染月寒_3,53,3,right_bottom,data/images/KAI_p053_03.png,染,そめ,楷書,,山峰染月寒,X,
山峰染月寒_4,53,4,left_top,data/images/KAI_p053_04.png,月,がつ,楷書,,山峰染月寒,X,
山峰染月寒_5,53,5,left_middle,data/images/KAI_p053_05.png,寒,かん,楷書,,山峰染月寒,X,
冬嶺秀孤松_1,54,1,right_top,data/images/KAI_p054_01.png,冬,ふゆ,楷書,,冬嶺秀孤松,X,
冬嶺秀孤松_2,54,2,right_middle,data/images/KAI_p054_02.png,嶺,みね,楷書,,冬嶺秀孤松,X,
冬嶺秀孤松_3,54,3,right_bottom,data/images/KAI_p054_03.png,秀,しゅう,楷書,,冬嶺秀孤松,X,
冬嶺秀孤松_4,54,4,left_top,data/images/KAI_p054_04.png,孤,こ,楷書,,冬嶺秀孤松,X,
冬嶺秀孤松_5,54,5,left_middle,data/images/KAI_p054_05.png,松,まつ,楷書,,冬嶺秀孤松,X,
瑞氣満梅花_1,55,1,right_top,data/images/KAI_p055_01.png,瑞,ずい,楷書,,瑞氣満梅花,O,
瑞氣満梅花_2,55,2,right_middle,data/images/KAI_p055_02.png,氣,き,楷書,気,瑞氣満梅花,O,
瑞氣満梅花_3,55,3,right_bottom,data/images/KAI_p055_03.png,満,まん,楷書,,瑞氣満梅花,O,
瑞氣満梅花_4,55,4,left_top,data/images/KAI_p055_04.png,梅,うめ,楷書,,瑞氣満梅花,O,
瑞氣満梅花_5,55,5,left_middle,data/images/KAI_p055_05.png,花,はな,楷書,,瑞氣満梅花,O,
老鶴萬里心_1,56,1,right_top,data/images/KAI_p056_01.png,老,ろう,楷書,,老鶴萬里心,X,
老鶴萬里心_2,56,2,right_middle,data/images/KAI_p056_02.png,鶴,つる,楷書,,老鶴萬里心,X,
老鶴萬里心_3,56,3,right_bottom,data/images/KAI_p056_03.png,萬,まん,楷書,,老鶴萬里心,X,
老鶴萬里心_4,56,4,left_top,data/images/KAI_p056_04.png,里,さと,楷書,,老鶴萬里心,X,
老鶴萬里心_5,56,5,left_middle,data/images/KAI_p056_05.png,心,こころ,楷書,,老鶴萬里心,X,
微凘入硯生_1,57,1,right_top,data/images/KAI_p057_01.png,微,び,楷書,,微凘入硯生,X,
微凘入硯生_2,57,2,right_middle,data/images/KAI_p057_02.png,凘,し,楷書,,微凘入硯生,X,
微凘入硯生_3,57,3,right_bottom,data/images/KAI_p057_03.png,入,にゅう,楷書,,微凘入硯生,X,
微凘入硯生_4,57,4,left_top,data/images/KAI_p057_04.png,硯,すずり,楷書,,微凘入硯生,X,
微凘入硯生_5,57,5,left_middle,data/images/KAI_p057_05.png,生,なま,楷書,,微凘入硯生,X,
繁菊照深居_1,58,1,right_top,data/images/KAI_p058_01.png,繁,はん,楷書,,繁菊照深居,X,
繁菊照深居_2,58,2,right_middle,data/images/KAI_p058_02.png,菊,きく,楷書,,繁菊照深居,X,
繁菊照深居_3,58,3,right_bottom,data/images/KAI_p058_03.png,照,しょう,楷書,,繁菊照深居,X,
繁菊照深居_4,58,4,left_top,data/images/KAI_p058_04.png,深,しん,楷書,,繁菊照深居,X,
繁菊照深居_5,58,5,left_middle,data/images/KAI_p058_05.png,居,きょ,楷書,,繁菊照深居,X,
鳴鳳栖清梧_1,59,1,right_top,data/images/KAI_p059_01.png,鳴,めい,楷書,,鳴鳳栖清梧,X,
鳴鳳栖清梧_2,59,2,right_middle,data/images/KAI_p059_02.png,鳳,おおとり,楷書,,鳴鳳栖清梧,X,
鳴鳳栖清梧_3,59,3,right_bottom,data/images/KAI_p059_03.png,栖,せい,楷書,,鳴鳳栖清梧,X,
鳴鳳栖清梧_4,59,4,left_top,data/images/KAI_p059_04.png,清,きよし,楷書,,鳴鳳栖清梧,X,
鳴鳳栖清梧_5,59,5,left_middle,data/images/KAI_p059_05.png,梧,ご,楷書,,鳴鳳栖清梧,X,
桃花千歳春_1,60,1,right_top,data/images/KAI_p060_01.png,桃,もも,楷書,,桃花千歳春,O,
桃花千歳春_2,60,2,right_middle,data/images/KAI_p060_02.png,花,はな,楷書,,桃花千歳春,O,
桃花千歳春_3,60,3,right_bottom,data/images/KAI_p060_03.png,千,せん,楷書,,桃花千歳春,O,
桃花千歳春_4,60,4,left_top,data/images/KAI_p060_04.png,歳,とし,楷書,,桃花千歳春,O,
桃花千歳春_5,60,5,left_middle,data/images/KAI_p060_05.png,春,はる,楷書,,桃花千歳春,O,
春廻旭日鮮_1,61,1,right_top,data/images/KAI_p061_01.png,春,はる,楷書,,春廻旭日鮮,X,
春廻旭日鮮_2,61,2,right_middle,data/images/KAI_p061_02.png,廻,かい,楷書,,春廻旭日鮮,X,
春廻旭日鮮_3,61,3,right_bottom,data/images/KAI_p061_03.png,旭,あさひ,楷書,,春廻旭日鮮,X,
春廻旭日鮮_4,61,4,left_top,data/images/KAI_p061_04.png,日,にち,楷書,,春廻旭日鮮,X,
春廻旭日鮮_5,61,5,left_middle,data/images/KAI_p061_05.png,鮮,せん,楷書,,春廻旭日鮮,X,
野菊淡秋心_1,62,1,right_top,data/images/KAI_p062_01.png,野,の,楷書,,野菊淡秋心,O,
野菊淡秋心_2,62,2,right_middle,data/images/KAI_p062_02.png,菊,きく,楷書,,野菊淡秋心,O,
野菊淡秋心_3,62,3,right_bottom,data/images/KAI_p062_03.png,淡,たん,楷書,,野菊淡秋心,O,
野菊淡秋心_4,62,4,left_top,data/images/KAI_p062_04.png,秋,あき,楷書,,野菊淡秋心,O,
野菊淡秋心_5,62,5,left_middle,data/images/KAI_p062_05.png,心,こころ,楷書,,野菊淡秋心,O,
青山景物妍_1,63,1,right_top,data/images/KAI_p063_01.png,青,あお,楷書,,青山景物妍,O,
青山景物妍_2,63,2,right_middle,data/images/KAI_p063_02.png,山,やま,楷書,,青山景物妍,O,
青山景物妍_3,63,3,right_bottom,data/images/KAI_p063_03.png,景,けい,楷書,,青山景物妍,O,
青山景物妍_4,63,4,left_top,data/images/KAI_p063_04.png,物,もの,楷書,,青山景物妍,O,
青山景物妍_5,63,5,left_middle,data/images/KAI_p063_05.png,妍,けん,楷書,,青山景物妍,O,
八荒調淑氣_1,64,1,right_top,data/images/KAI_p064_01.png,八,はち,楷書,,八荒調淑氣,X,
八荒調淑氣_2,64,2,right_middle,data/images/KAI_p064_02.png,荒,こう,楷書,,八荒調淑氣,X,
八荒調淑氣_3,64,3,right_bottom,data/images/KAI_p064_03.png,調,ちょう,楷書,,八荒調淑氣,X,
八荒調淑氣_4,64,4,left_top,data/images/KAI_p064_04.png,淑,しゅく,楷書,,八荒調淑氣,X,
八荒調淑氣_5,64,5,left_middle,data/images/KAI_p064_05.png,氣,き,楷書,気,八荒調淑氣,X,
習静求神悟_1,65,1,right_top,data/images/KAI_p065_01.png,習,しゅう,楷書,,習静求神悟,X,
習静求神悟_2,65,2,right_middle,data/images/KAI_p065_02.png,静,せい,楷書,,習静求神悟,X,
習静求神悟_3,65,3,right_bottom,data/images/KAI_p065_03.png,求,きゅう,楷書,,習静求神悟,X,
習静求神悟_4,65,4,left_top,data/images/KAI_p065_04.png,神,かみ,楷書,,習静求神悟,X,
習静求神悟_5,65,5,left_middle,data/images/KAI_p065_05.png,悟,さとし,楷書,,習静求神悟,X,
瑞雪近浮空_1,66,1,right_top,data/images/KAI_p066_01.png,瑞,ずい,楷書,,瑞雪近浮空,X,
瑞雪近浮空_2,66,2,right_middle,data/images/KAI_p066_02.png,雪,ゆき,楷書,,瑞雪近浮空,X,
瑞雪近浮空_3,66,3,right_bottom,data/images/KAI_p066_03.png,近,きん,楷書,,瑞雪近浮空,X,
瑞雪近浮空_4,66,4,left_top,data/images/KAI_p066_04.png,浮,ふ,楷書,,瑞雪近浮空,X,
瑞雪近浮空_5,66,5,left_middle,data/images/KAI_p066_05.png,空,そら,楷書,,瑞雪近浮空,X,
白雲満空山_1,67,1,right_top,data/images/KAI_p067_01.png,白,しろ,楷書,,白雲満空山,X,
白雲満空山_2,67,2,right_middle,data/images/KAI_p067_02.png,雲,くも,楷書,,白雲満空山,X,
白雲満空山_3,67,3,right_bottom,data/images/KAI_p067_03.png,満,まん,楷書,,白雲満空山,X,
白雲満空山_4,67,4,left_top,data/images/KAI_p067_04.png,空,そら,楷書,,白雲満空山,X,
白雲満空山_5,67,5,left_middle,data/images/KAI_p067_05.png,山,やま,楷書,,白雲満空山,X,
擧杯邀清光_1,68,1,right_top,data/images/KAI_p068_01.png,擧,こぶし,楷書,挙,擧杯邀清光,X,
擧杯邀清光_2,68,2,right_middle,data/images/KAI_p068_02.png,杯,はい,楷書,,擧杯邀清光,X,
擧杯邀清光_3,68,3,right_bottom,data/images/KAI_p068_03.png,邀,よう,楷書,,擧杯邀清光,X,
擧杯邀清光_4,68,4,left_top,data/images/KAI_p068_04.png,清,きよし,楷書,,擧杯邀清光,X,
擧杯邀清光_5,68,5,left_middle,data/images/KAI_p068_05.png,光,ひかり,楷書,,擧杯邀清光,X,
晨露發荷香_1,69,1,right_top,data/images/KAI_p069_01.png,晨,しん,楷書,,晨露發荷香,X,
晨露發荷香_2,69,2,right_middle,data/images/KAI_p069_02.png,露,つゆ,楷書,,晨露發荷香,X,
晨露發荷香_3,69,3,right_bottom,data/images/KAI_p069_03.png,發,はつ,楷書,発,晨露發荷香,X,
晨露發荷香_4,69,4,left_top,data/images/KAI_p069_04.png,荷,か,楷書,,晨露發荷香,X,
晨露發荷香_5,69,5,left_middle,data/images/KAI_p069_05.png,香,かおり,楷書,,晨露發荷香,X,
煎茶竹送風_1,70,1,right_top,data/images/KAI_p070_01.png,煎,せん,楷書,,煎茶竹送風,X,
煎茶竹送風_2,70,2,right_middle,data/images/KAI_p070_02.png,茶,ちゃ,楷書,,煎茶竹送風,X,
煎茶竹送風_3,70,3,right_bottom,data/images/KAI_p070_03.png,竹,たけ,楷書,,煎茶竹送風,X,
煎茶竹送風_4,70,4,left_top,data/images/KAI_p070_04.png,送,そう,楷書,,煎茶竹送風,X,
煎茶竹送風_5,70,5,left_middle,data/images/KAI_p070_05.png,風,かぜ,楷書,,煎茶竹送風,X,
詠歌際昇平_1,71,1,right_top,data/images/KAI_p071_01.png,詠,えい,楷書,,詠歌際昇平,X,
詠歌際昇平_2,71,2,right_middle,data/images/KAI_p071_02.png,歌,うた,楷書,,詠歌際昇平,X,
詠歌際昇平_3,71,3,right_bottom,data/images/KAI_p071_03.png,際,きわ,楷書,,詠歌際昇平,X,
詠歌際昇平_4,71,4,left_top,data/images/KAI_p071_04.png,昇,のぼる,楷書,,詠歌際昇平,X,
詠歌際昇平_5,71,5,left_middle,data/images/KAI_p071_05.png,平,たいら,楷書,,詠歌際昇平,X,
守氷壷之潔_1,72,1,right_top,data/images/KAI_p072_01.png,守,しゅ,楷書,,守氷壷之潔,X,
守氷壷之潔_2,72,2,right_middle,data/images/KAI_p072_02.png,氷,こおり,楷書,,守氷壷之潔,X,
守氷壷之潔_3,72,3,right_bottom,data/images/KAI_p072_03.png,壷,つぼ,楷書,,守氷壷之潔,X,
守氷壷之潔_4,72,4,left_top,data/images/KAI_p072_04.png,之,ゆき,楷書,,守氷壷之潔,X,
守氷壷之潔_5,72,5,left_middle,data/images/KAI_p072_05.png,潔,きよし,楷書,,守氷壷之潔,X,
冬来幽興長_1,73,1,right_top,data/images/KAI_p073_01.png,冬,ふゆ,楷書,,冬来幽興長,X,
冬来幽興長_2,73,2,right_middle,data/images/KAI_p073_02.png,来,らい,楷書,,冬来幽興長,X,
冬来幽興長_3,73,3,right_bottom,data/images/KAI_p073_03.png,幽,ゆう,楷書,,冬来幽興長,X,
冬来幽興長_4,73,4,left_top,data/images/KAI_p073_04.png,興,きょう,楷書,,冬来幽興長,X,
冬来幽興長_5,73,5,left_middle,data/images/KAI_p073_05.png,長,ちょう,楷書,,冬来幽興長,X,
青山景物妍_1,74,1,right_top,data/images/KAI_p074_01.png,青,あお,楷書,,青山景物妍,O,
青山景物妍_2,74,2,right_middle,data/images/KAI_p074_02.png,山,やま,楷書,,青山景物妍,O,
青山景物妍_3,74,3,right_bottom,data/images/KAI_p074_03.png,景,けい,楷書,,青山景物妍,O,
青山景物妍_4,74,4,left_top,data/images/KAI_p074_04.png,物,もの,楷書,,青山景物妍,O,
青山景物妍_5,74,5,left_middle,data/images/KAI_p074_05.png,妍,けん,楷書,,青山景物妍,O,
栽花楽太平_1,75,1,right_top,data/images/KAI_p075_01.png,栽,さい,楷書,,栽花楽太平,X,
栽花楽太平_2,75,2,right_middle,data/images/KAI_p075_02.png,花,はな,楷書,,栽花楽太平,X,
栽花楽太平_3,75,3,right_bottom,data/images/KAI_p075_03.png,楽,らく,楷書,,栽花楽太平,X,
栽花楽太平_4,75,4,left_top,data/images/KAI_p075_04.png,太,た,楷書,,栽花楽太平,X,
栽花楽太平_5,75,5,left_middle,data/images/KAI_p075_05.png,平,たいら,楷書,,栽花楽太平,X,
敬徳之恪也_1,76,1,right_top,data/images/KAI_p076_01.png,敬,たかし,楷書,,敬徳之恪也,X,
敬徳之恪也_2,76,2,right_middle,data/images/KAI_p076_02.png,徳,とく,楷書,,敬徳之恪也,X,
敬徳之恪也_3,76,3,right_bottom,data/images/KAI_p076_03.png,之,ゆき,楷書,,敬徳之恪也,X,
敬徳之恪也_4,76,4,left_top,data/images/KAI_p076_04.png,恪,かく,楷書,,敬徳之恪也,X,
敬徳之恪也_5,76,5,left_middle,data/images/KAI_p076_05.png,也,や,楷書,,敬徳之恪也,X,
花氣暖晴雲_1,77,1,right_top,data/images/KAI_p077_01.png,花,はな,楷書,,花氣暖晴雲,X,
花氣暖晴雲_2,77,2,right_middle,data/images/KAI_p077_02.png,氣,き,楷書,気,花氣暖晴雲,X,
花氣暖晴雲_3,77,3,right_bottom,data/images/KAI_p077_03.png,暖,だん,楷書,,花氣暖晴雲,X,
花氣暖晴雲_4,77,4,left_top,data/images/KAI_p077_04.png,晴,せい,楷書,,花氣暖晴雲,X,
花氣暖晴雲_5,77,5,left_middle,data/images/KAI_p077_05.png,雲,くも,楷書,,花氣暖晴雲,X,
閑居養髙志_1,78,1,right_top,data/images/KAI_p078_01.png,閑,ひま,楷書,,閑居養髙志,X,
閑居養髙志_2,78,2,right_middle,data/images/KAI_p078_02.png,居,きょ,楷書,,閑居養髙志,X,
閑居養髙志_3,78,3,right_bottom,data/images/KAI_p078_03.png,養,よう,楷書,,閑居養髙志,X,
閑居養髙志_4,78,4,left_top,data/images/KAI_p078_04.png,髙,たか,楷書,高,閑居養髙志,X,
閑居養髙志_5,78,5,left_middle,data/images/KAI_p078_05.png,志,こころざし,楷書,,閑居養髙志,X,
清吟夜煮茶_1,79,1,right_top,data/images/KAI_p079_01.png,清,きよし,楷書,,清吟夜煮茶,X,
清吟夜煮茶_2,79,2,right_middle,data/images/KAI_p079_02.png,吟,ぎん,楷書,,清吟夜煮茶,X,
清吟夜煮茶_3,79,3,right_bottom,data/images/KAI_p079_03.png,夜,よる,楷書,,清吟夜煮茶,X,
清吟夜煮茶_4,79,4,left_top,data/images/KAI_p079_04.png,煮,に,楷書,,清吟夜煮茶,X,
清吟夜煮茶_5,79,5,left_middle,data/images/KAI_p079_05.png,茶,ちゃ,楷書,,清吟夜煮茶,X,
山月夜窓寒_1,80,1,right_top,data/images/KAI_p080_01.png,山,やま,楷書,,山月夜窓寒,X,
山月夜窓寒_2,80,2,right_middle,data/images/KAI_p080_02.png,月,がつ,楷書,,山月夜窓寒,X,
山月夜窓寒_3,80,3,right_bottom,data/images/KAI_p080_03.png,夜,よる,楷書,,山月夜窓寒,X,
山月夜窓寒_4,80,4,left_top,data/images/KAI_p080_04.png,窓,まど,楷書,,山月夜窓寒,X,
山月夜窓寒_5,80,5,left_middle,data/images/KAI_p080_05.png,寒,かん,楷書,,山月夜窓寒,X,
薫風細葛涼_1,81,1,right_top,data/images/KAI_p081_01.png,薫,かおる,楷書,,薫風細葛涼,X,
薫風細葛涼_2,81,2,right_middle,data/images/KAI_p081_02.png,風,かぜ,楷書,,薫風細葛涼,X,
薫風細葛涼_3,81,3,right_bottom,data/images/KAI_p081_03.png,細,さい,楷書,,薫風細葛涼,X,
薫風細葛涼_4,81,4,left_top,data/images/KAI_p081_04.png,葛,くず,楷書,,薫風細葛涼,X,
薫風細葛涼_5,81,5,left_middle,data/images/KAI_p081_05.png,涼,りょう,楷書,,薫風細葛涼,X,
静者心自妙_1,82,1,right_top,data/images/KAI_p082_01.png,静,せい,楷書,,静者心自妙,O,
静者心自妙_2,82,2,right_middle,data/images/KAI_p082_02.png,者,もの,楷書,,静者心自妙,O,
静者心自妙_3,82,3,right_bottom,data/images/KAI_p082_03.png,心,こころ,楷書,,静者心自妙,O,
静者心自妙_4,82,4,left_top,data/images/KAI_p082_04.png,自,じ,楷書,,静者心自妙,O,
静者心自妙_5,82,5,left_middle,data/images/KAI_p082_05.png,妙,みょう,楷書,,静者心自妙,O,
明月流素光_1,83,1,right_top,data/images/KAI_p083_01.png,明,めい,楷書,,明月流素光,X,
明月流素光_2,83,2,right_middle,data/images/KAI_p083_02.png,月,がつ,楷書,,明月流素光,X,
明月流素光_3,83,3,right_bottom,data/images/KAI_p083_03.png,流,りゅう,楷書,,明月流素光,X,
明月流素光_4,83,4,left_top,data/images/KAI_p083_04.png,素,もと,楷書,,明月流素光,X,
明月流素光_5,83,5,left_middle,data/images/KAI_p083_05.png,光,ひかり,楷書,,明月流素光,X,
垂藤引夏涼_1,84,1,right_top,data/images/KAI_p084_01.png,垂,すい,楷書,,垂藤引夏涼,X,
垂藤引夏涼_2,84,2,right_middle,data/images/KAI_p084_02.png,藤,ふじ,楷書,,垂藤引夏涼,X,
垂藤引夏涼_3,84,3,right_bottom,data/images/KAI_p084_03.png,引,ひき,楷書,,垂藤引夏涼,X,
垂藤引夏涼_4,84,4,left_top,data/images/KAI_p084_04.png,夏,なつ,楷書,,垂藤引夏涼,X,
垂藤引夏涼_5,84,5,left_middle,data/images/KAI_p084_05.png,涼,りょう,楷書,,垂藤引夏涼,X,
新篁動清節_1,85,1,right_top,data/images/KAI_p085_01.png,新,しん,楷書,,新篁動清節,O,
新篁動清節_2,85,2,right_middle,data/images/KAI_p085_02.png,篁,たかむら,楷書,,新篁動清節,O,
新篁動清節_3,85,3,right_bottom,data/images/KAI_p085_03.png,動,どう,楷書,,新篁動清節,O,
新篁動清節_4,85,4,left_top,data/images/KAI_p085_04.png,清,きよし,楷書,,新篁動清節,O,
新篁動清節_5,85,5,left_middle,data/images/KAI_p085_05.png,節,ふし,楷書,,新篁動清節,O,
天地有至文_1,86,1,right_top,data/images/KAI_p086_01.png,天,てん,楷書,,天地有至文,X,
天地有至文_2,86,2,right_middle,data/images/KAI_p086_02.png,地,ち,楷書,,天地有至文,X,
天地有至文_3,86,3,right_bottom,data/images/KAI_p086_03.png,有,あり,楷書,,天地有至文,X,
天地有至文_4,86,4,left_top,data/images/KAI_p086_04.png,至,いた,楷書,,天地有至文,X,
天地有至文_5,86,5,left_middle,data/images/KAI_p086_05.png,文,ぶん,楷書,,天地有至文,X,
紅樹添秋色_1,87,1,right_top,data/images/KAI_p087_01.png,紅,くれない,楷書,,紅樹添秋色,X,
紅樹添秋色_2,87,2,right_middle,data/images/KAI_p087_02.png,樹,き,楷書,,紅樹添秋色,X,
紅樹添秋色_3,87,3,right_bottom,data/images/KAI_p087_03.png,添,そえ,楷書,,紅樹添秋色,X,
紅樹添秋色_4,87,4,left_top,data/images/KAI_p087_04.png,秋,あき,楷書,,紅樹添秋色,X,
紅樹添秋色_5,87,5,left_middle,data/images/KAI_p087_05.png,色,いろ,楷書,,紅樹添秋色,X,
細雨菊花天_1,88,1,right_top,data/images/KAI_p088_01.png,細,さい,楷書,,細雨菊花天,X,
細雨菊花天_2,88,2,right_middle,data/images/KAI_p088_02.png,雨,あめ,楷書,,細雨菊花天,X,
細雨菊花天_3,88,3,right_bottom,data/images/KAI_p088_03.png,菊,きく,楷書,,細雨菊花天,X,
細雨菊花天_4,88,4,left_top,data/images/KAI_p088_04.png,花,はな,楷書,,細雨菊花天,X,
細雨菊花天_5,88,5,left_middle,data/images/KAI_p088_05.png,天,てん,楷書,,細雨菊花天,X,
雁字写秋空_1,89,1,right_top,data/images/KAI_p089_01.png,雁,がん,楷書,,雁字写秋空,X,
雁字写秋空_2,89,2,right_middle,data/images/KAI_p089_02.png,字,じ,楷書,,雁字写秋空,X,
雁字写秋空_3,89,3,right_bottom,data/images/KAI_p089_03.png,写,しゃ,楷書,,雁字写秋空,X,
雁字写秋空_4,89,4,left_top,data/images/KAI_p089_04.png,秋,あき,楷書,,雁字写秋空,X,
雁字写秋空_5,89,5,left_middle,data/images/KAI_p089_05.png,空,そら,楷書,,雁字写秋空,X,
幽蘭一國香_1,90,1,right_top,data/images/KAI_p090_01.png,幽,ゆう,楷書,,幽蘭一國香,X,
幽蘭一國香_2,90,2,right_middle,data/images/KAI_p090_02.png,蘭,らん,楷書,,幽蘭一國香,X,
幽蘭一國香_3,90,3,right_bottom,data/images/KAI_p090_03.png,一,いち,楷書,,幽蘭一國香,X,
幽蘭一國香_4,90,4,left_top,data/images/KAI_p090_04.png,國,くに,楷書,国,幽蘭一國香,X,
幽蘭一國香_5,90,5,left_middle,data/images/KAI_p090_05.png,香,かおり,楷書,,幽蘭一國香,X,
春風遍宇宙_1,91,1,right_top,data/images/KAI_p091_01.png,春,はる,楷書,,春風遍宇宙,X,
春風遍宇宙_2,91,2,right_middle,data/images/KAI_p091_02.png,風,かぜ,楷書,,春風遍宇宙,X,
春風遍宇宙_3,91,3,right_bottom,data/images/KAI_p091_03.png,遍,へん,楷書,,春風遍宇宙,X,
春風遍宇宙_4,91,4,left_top,data/images/KAI_p091_04.png,宇,う,楷書,,春風遍宇宙,X,
春風遍宇宙_5,91,5,left_middle,data/images/KAI_p091_05.png,宙,ちゅう,楷書,,春風遍宇宙,X,
楽意在泉石_1,92,1,right_top,data/images/KAI_p092_01.png,楽,らく,楷書,,楽意在泉石,X,
楽意在泉石_2,92,2,right_middle,data/images/KAI_p092_02.png,意,い,楷書,,楽意在泉石,X,
楽意在泉石_3,92,3,right_bottom,data/images/KAI_p092_03.png,在,ざい,楷書,,楽意在泉石,X,
楽意在泉石_4,92,4,left_top,data/images/KAI_p092_04.png,泉,いずみ,楷書,,楽意在泉石,X,
楽意在泉石_5,92,5,left_middle,data/images/KAI_p092_05.png,石,いし,楷書,,楽意在泉石,X,
山意向秋多_1,93,1,right_top,data/images/KAI_p093_01.png,山,やま,楷書,,山意向秋多,O,
山意向秋多_2,93,2,right_middle,data/images/KAI_p093_02.png,意,い,楷書,,山意向秋多,O,
山意向秋多_3,93,3,right_bottom,data/images/KAI_p093_03.png,向,こう,楷書,,山意向秋多,O,
山意向秋多_4,93,4,left_top,data/images/KAI_p093_04.png,秋,あき,楷書,,山意向秋多,O,
山意向秋多_5,93,5,left_middle,data/images/KAI_p093_05.png,多,た,楷書,,山意向秋多,O,
春至草木繁_1,94,1,right_top,data/images/KAI_p094_01.png,春,はる,楷書,,春至草木繁,X,
春至草木繁_2,94,2,right_middle,data/images/KAI_p094_02.png,至,いた,楷書,,春至草木繁,X,
春至草木繁_3,94,3,right_bottom,data/images/KAI_p094_03.png,草,くさ,楷書,,春至草木繁,X,
春至草木繁_4,94,4,left_top,data/images/KAI_p094_04.png,木,き,楷書,,春至草木繁,X,
春至草木繁_5,94,5,left_middle,data/images/KAI_p094_05.png,繁,はん,楷書,,春至草木繁,X,
竹細野池幽_1,95,1,right_top,data/images/KAI_p095_01.png,竹,たけ,楷書,,竹細野池幽,O,
竹細野池幽_2,95,2,right_middle,data/images/KAI_p095_02.png,細,さい,楷書,,竹細野池幽,O,
竹細野池幽_3,95,3,right_bottom,data/images/KAI_p095_03.png,野,の,楷書,,竹細野池幽,O,
竹細野池幽_4,95,4,left_top,data/images/KAI_p095_04.png,池,いけ,楷書,,竹細野池幽,O,
竹細野池幽_5,95,5,left_middle,data/images/KAI_p095_05.png,幽,ゆう,楷書,,竹細野池幽,O,
芳艸惹春還_1,96,1,right_top,data/images/KAI_p096_01.png,芳,ほう,楷書,,芳艸惹春還,X,
芳艸惹春還_2,96,2,right_middle,data/images/KAI_p096_02.png,艸,そう,楷書,草,芳艸惹春還,X,
芳艸惹春還_3,96,3,right_bottom,data/images/KAI_p096_03.png,惹,じゃく,楷書,,芳艸惹春還,X,
芳艸惹春還_4,96,4,left_top,data/images/KAI_p096_04.png,春,はる,楷書,,芳艸惹春還,X,
芳艸惹春還_5,96,5,left_middle,data/images/KAI_p096_05.png,還,かん,楷書,,芳艸惹春還,X,
雁唳風雲髙_1,97,1,right_top,data/images/KAI_p097_01.png,雁,がん,楷書,,雁唳風雲髙,X,
雁唳風雲髙_2,97,2,right_middle,data/images/KAI_p097_02.png,唳,れい,楷書,,雁唳風雲髙,X,
雁唳風雲髙_3,97,3,right_bottom,data/images/KAI_p097_03.png,風,かぜ,楷書,,雁唳風雲髙,X,
雁唳風雲髙_4,97,4,left_top,data/images/KAI_p097_04.png,雲,くも,楷書,,雁唳風雲髙,X,
雁唳風雲髙_5,97,5,left_middle,data/images/KAI_p097_05.png,髙,たか,楷書,高,雁唳風雲髙,X,
黄鳥話春深_1,98,1,right_top,data/images/KAI_p098_01.png,黄,き,楷書,,黄鳥話春深,O,
黄鳥話春深_2,98,2,right_middle,data/images/KAI_p098_02.png,鳥,とり,楷書,,黄鳥話春深,O,
黄鳥話春深_3,98,3,right_bottom,data/images/KAI_p098_03.png,話,はなし,楷書,,黄鳥話春深,O,
黄鳥話春深_4,98,4,left_top,data/images/KAI_p098_04.png,春,はる,楷書,,黄鳥話春深,O,
黄鳥話春深_5,98,5,left_middle,data/images/KAI_p098_05.png,深,しん,楷書,,黄鳥話春深,O,
花柳春全盛_1,99,1,right_top,data/images/KAI_p099_01.png,花,はな,楷書,,花柳春全盛,X,
花柳春全盛_2,99,2,right_middle,data/images/KAI_p099_02.png,柳,やなぎ,楷書,,花柳春全盛,X,
花柳春全盛_3,99,3,right_bottom,data/images/KAI_p099_03.png,春,はる,楷書,,花柳春全盛,X,
花柳春全盛_4,99,4,left_top,data/images/KAI_p099_04.png,全,ぜん,楷書,,花柳春全盛,X,
花柳春全盛_5,99,5,left_middle,data/images/KAI_p099_05.png,盛,じょう,楷書,,花柳春全盛,X,
竹外茶烟静_1,100,1,right_top,data/images/KAI_p100_01.png,竹,たけ,楷書,,竹外茶烟静,O,
竹外茶烟静_2,100,2,right_middle,data/images/KAI_p100_02.png,外,そと,楷書,,竹外茶烟静,O,
竹外茶烟静_3,100,3,right_bottom,data/images/KAI_p100_03.png,茶,ちゃ,楷書,,竹外茶烟静,O,
竹外茶烟静_4,100,4,left_top,data/images/KAI_p100_04.png,烟,けむり,楷書,,竹外茶烟静,O,
竹外茶烟静_5,100,5,left_middle,data/images/KAI_p100_05.png,静,せい,楷書,,竹外茶烟静,O,
和気洽昌辰_1,101,1,right_top,data/images/KAI_p101_01.png,和,わ,楷書,,和気洽昌辰,X,
和気洽昌辰_2,101,2,right_middle,data/images/KAI_p101_02.png,気,き,楷書,,和気洽昌辰,X,
和気洽昌辰_3,101,3,right_bottom,data/images/KAI_p101_03.png,洽,こう,楷書,,和気洽昌辰,X,
和気洽昌辰_4,101,4,left_top,data/images/KAI_p101_04.png,昌,まさ,楷書,,和気洽昌辰,X,
和気洽昌辰_5,101,5,left_middle,data/images/KAI_p101_05.png,辰,たつ,楷書,,和気洽昌辰,X,
松竹水聲涼_1,102,1,right_top,data/images/KAI_p102_01.png,松,まつ,楷書,,松竹水聲涼,O,
松竹水聲涼_2,102,2,right_middle,data/images/KAI_p102_02.png,竹,たけ,楷書,,松竹水聲涼,O,
松竹水聲涼_3,102,3,right_bottom,data/images/KAI_p102_03.png,水,みず,楷書,,松竹水聲涼,O,
松竹水聲涼_4,102,4,left_top,data/images/KAI_p102_04.png,聲,こえ,楷書,,松竹水聲涼,O,
松竹水聲涼_5,102,5,left_middle,data/images/KAI_p102_05.png,涼,りょう,楷書,,松竹水聲涼,O,
月鎖千門静_1,103,1,right_top,data/images/KAI_p103_01.png,月,がつ,楷書,,月鎖千門静,X,
月鎖千門静_2,103,2,right_middle,data/images/KAI_p103_02.png,鎖,くさり,楷書,,月鎖千門静,X,
月鎖千門静_3,103,3,right_bottom,data/images/KAI_p103_03.png,千,せん,楷書,,月鎖千門静,X,
月鎖千門静_4,103,4,left_top,data/images/KAI_p103_04.png,門,もん,楷書,,月鎖千門静,X,
月鎖千門静_5,103,5,left_middle,data/images/KAI_p103_05.png,静,せい,楷書,,月鎖千門静,X,
風来水面時_1,104,1,right_top,data/images/KAI_p104_01.png,風,かぜ,楷書,,風来水面時,X,
風来水面時_2,104,2,right_middle,data/images/KAI_p104_02.png,来,らい,楷書,,風来水面時,X,
風来水面時_3,104,3,right_bottom,data/images/KAI_p104_03.png,水,みず,楷書,,風来水面時,X,
風来水面時_4,104,4,left_top,data/images/KAI_p104_04.png,面,めん,楷書,,風来水面時,X,
風来水面時_5,104,5,left_middle,data/images/KAI_p104_05.png,時,とき,楷書,,風来水面時,X,
晴窓花氣薫_1,105,1,right_top,data/images/KAI_p105_01.png,晴,せい,楷書,,晴窓花氣薫,X,
晴窓花氣薫_2,105,2,right_middle,data/images/KAI_p105_02.png,窓,まど,楷書,,晴窓花氣薫,X,
晴窓花氣薫_3,105,3,right_bottom,data/images/KAI_p105_03.png,花,はな,楷書,,晴窓花氣薫,X,
晴窓花氣薫_4,105,4,left_top,data/images/KAI_p105_04.png,氣,き,楷書,気,晴窓花氣薫,X,
晴窓花氣薫_5,105,5,left_middle,data/images/KAI_p105_05.png,薫,かおる,楷書,,晴窓花氣薫,X,
味淡有真楽_1,106,1,right_top,data/images/KAI_p106_01.png,味,あじ,楷書,,味淡有真楽,X,
味淡有真楽_2,106,2,right_middle,data/images/KAI_p106_02.png,淡,たん,楷書,,味淡有真楽,X,
味淡有真楽_3,106,3,right_bottom,data/images/KAI_p106_03.png,有,あり,楷書,,味淡有真楽,X,
味淡有真楽_4,106,4,left_top,data/images/KAI_p106_04.png,真,まこと,楷書,,味淡有真楽,X,
味淡有真楽_5,106,5,left_middle,data/images/KAI_p106_05.png,楽,らく,楷書,,味淡有真楽,X,
梅艶昔年枝_1,107,1,right_top,data/images/KAI_p107_01.png,梅,うめ,楷書,,梅艶昔年枝,O,
梅艶昔年枝_2,107,2,right_middle,data/images/KAI_p107_02.png,艶,つや,楷書,,梅艶昔年枝,O,
梅艶昔年枝_3,107,3,right_bottom,data/images/KAI_p107_03.png,昔,むかし,楷書,,梅艶昔年枝,O,
梅艶昔年枝_4,107,4,left_top,data/images/KAI_p107_04.png,年,ねん,楷書,,梅艶昔年枝,O,
梅艶昔年枝_5,107,5,left_middle,data/images/KAI_p107_05.png,枝,えだ,楷書,,梅艶昔年枝,O,
風前鳥語和_1,108,1,right_top,data/images/KAI_p108_01.png,風,かぜ,楷書,,風前鳥語和,X,
風前鳥語和_2,108,2,right_middle,data/images/KAI_p108_02.png,前,まえ,楷書,,風前鳥語和,X,
風前鳥語和_3,108,3,right_bottom,data/images/KAI_p108_03.png,鳥,とり,楷書,,風前鳥語和,X,
風前鳥語和_4,108,4,left_top,data/images/KAI_p108_04.png,語,ご,楷書,,風前鳥語和,X,
風前鳥語和_5,108,5,left_middle,data/images/KAI_p108_05.png,和,わ,楷書,,風前鳥語和,X,
無心得良悟_1,109,1,right_top,data/images/KAI_p109_01.png,無,む,楷書,,無心得良悟,X,
無心得良悟_2,109,2,right_middle,data/images/KAI_p109_02.png,心,こころ,楷書,,無心得良悟,X,
無心得良悟_3,109,3,right_bottom,data/images/KAI_p109_03.png,得,え,楷書,,無心得良悟,X,
無心得良悟_4,109,4,left_top,data/images/KAI_p109_04.png,良,りょう,楷書,,無心得良悟,X,
無心得良悟_5,109,5,left_middle,data/images/KAI_p109_05.png,悟,さとし,楷書,,無心得良悟,X,
松間照新月_1,110,1,right_top,data/images/KAI_p110_01.png,松,まつ,楷書,,松間照新月,X,
松間照新月_2,110,2,right_middle,data/images/KAI_p110_02.png,間,かん,楷書,,松間照新月,X,
松間照新月_3,110,3,right_bottom,data/images/KAI_p110_03.png,照,しょう,楷書,,松間照新月,X,
松間照新月_4,110,4,left_top,data/images/KAI_p110_04.png,新,しん,楷書,,松間照新月,X,
松間照新月_5,110,5,left_middle,data/images/KAI_p110_05.png,月,がつ,楷書,,松間照新月,X,
山光澄我心_1,111,1,right_top,data/images/KAI_p111_01.png,山,やま,楷書,,山光澄我心,X,
山光澄我心_2,111,2,right_middle,data/images/KAI_p111_02.png,光,ひかり,楷書,,山光澄我心,X,
山光澄我心_3,111,3,right_bottom,data/images/KAI_p111_03.png,澄,すみ,楷書,,山光澄我心,X,
山光澄我心_4,111,4,left_top,data/images/KAI_p111_04.png,我,われ,楷書,,山光澄我心,X,
山光澄我心_5,111,5,left_middle,data/images/KAI_p111_05.png,心,こころ,楷書,,山光澄我心,X,
宿雨松篁色_1,112,1,right_top,data/images/KAI_p112_01.png,宿,やど,楷書,,宿雨松篁色,O,
宿雨松篁色_2,112,2,right_middle,data/images/KAI_p112_02.png,雨,あめ,楷書,,宿雨松篁色,O,
宿雨松篁色_3,112,3,right_bottom,data/images/KAI_p112_03.png,松,まつ,楷書,,宿雨松篁色,O,
宿雨松篁色_4,112,4,left_top,data/images/KAI_p112_04.png,篁,たかむら,楷書,,宿雨松篁色,O,
宿雨松篁色_5,112,5,left_middle,data/images/KAI_p112_05.png,色,いろ,楷書,,宿雨松篁色,O,
松花伴鶴飛_1,113,1,right_top,data/images/KAI_p113_01.png,松,まつ,楷書,,松花伴鶴飛,X,
松花伴鶴飛_2,113,2,right_middle,data/images/KAI_p113_02.png,花,はな,楷書,,松花伴鶴飛,X,
松花伴鶴飛_3,113,3,right_bottom,data/images/KAI_p113_03.png,伴,はん,楷書,,松花伴鶴飛,X,
松花伴鶴飛_4,113,4,left_top,data/images/KAI_p113_04.png,鶴,つる,楷書,,松花伴鶴飛,X,
松花伴鶴飛_5,113,5,left_middle,data/images/KAI_p113_05.png,飛,ひ,楷書,,松花伴鶴飛,X,
風静語丹鶴_1,114,1,right_top,data/images/KAI_p114_01.png,風,かぜ,楷書,,風静語丹鶴,X,
風静語丹鶴_2,114,2,right_middle,data/images/KAI_p114_02.png,静,せい,楷書,,風静語丹鶴,X,
風静語丹鶴_3,114,3,right_bottom,data/images/KAI_p114_03.png,語,ご,楷書,,風静語丹鶴,X,
風静語丹鶴_4,114,4,left_top,data/images/KAI_p114_04.png,丹,たん,楷書,,風静語丹鶴,X,
風静語丹鶴_5,114,5,left_middle,data/images/KAI_p114_05.png,鶴,つる,楷書,,風静語丹鶴,X,
緑葉吟風勁_1,115,1,right_top,data/images/KAI_p115_01.png,緑,みどり,楷書,,緑葉吟風勁,X,
緑葉吟風勁_2,115,2,right_middle,data/images/KAI_p115_02.png,葉,は,楷書,,緑葉吟風勁,X,
緑葉吟風勁_3,115,3,right_bottom,data/images/KAI_p115_03.png,吟,ぎん,楷書,,緑葉吟風勁,X,
緑葉吟風勁_4,115,4,left_top,data/images/KAI_p115_04.png,風,かぜ,楷書,,緑葉吟風勁,X,
緑葉吟風勁_5,115,5,left_middle,data/images/KAI_p115_05.png,勁,けい,楷書,,緑葉吟風勁,X,
茶煙永日香_1,116,1,right_top,data/images/KAI_p116_01.png,茶,ちゃ,楷書,,茶煙永日香,O,
茶煙永日香_2,116,2,right_middle,data/images/KAI_p116_02.png,煙,けむり,楷書,,茶煙永日香,O,
茶煙永日香_3,116,3,right_bottom,data/images/KAI_p116_03.png,永,えい,楷書,,茶煙永日香,O,
茶煙永日香_4,116,4,left_top,data/images/KAI_p116_04.png,日,にち,楷書,,茶煙永日香,O,
茶煙永日香_5,116,5,left_middle,data/images/KAI_p116_05.png,香,かおり,楷書,,茶煙永日香,O,
夜深風弄竹_1,117,1,right_top,data/images/KAI_p117_01.png,夜,よる,楷書,,夜深風弄竹,X,
夜深風弄竹_2,117,2,right_middle,data/images/KAI_p117_02.png,深,しん,楷書,,夜深風弄竹,X,
夜深風弄竹_3,117,3,right_bottom,data/images/KAI_p117_03.png,風,かぜ,楷書,,夜深風弄竹,X,
夜深風弄竹_4,117,4,left_top,data/images/KAI_p117_04.png,弄,ろう,楷書,,夜深風弄竹,X,
夜深風弄竹_5,117,5,left_middle,data/images/KAI_p117_05.png,竹,たけ,楷書,,夜深風弄竹,X,
扇動竹花涼_1,118,1,right_top,data/images/KAI_p118_01.png,扇,おうぎ,楷書,,扇動竹花涼,X,
扇動竹花涼_2,118,2,right_middle,data/images/KAI_p118_02.png,動,どう,楷書,,扇動竹花涼,X,
扇動竹花涼_3,118,3,right_bottom,data/images/KAI_p118_03.png,竹,たけ,楷書,,扇動竹花涼,X,
扇動竹花涼_4,118,4,left_top,data/images/KAI_p118_04.png,花,はな,楷書,,扇動竹花涼,X,
扇動竹花涼_5,118,5,left_middle,data/images/KAI_p118_05.png,涼,りょう,楷書,,扇動竹花涼,X,
江白迥聞風_1,119,1,right_top,data/images/KAI_p119_01.png,江,こう,楷書,,江白迥聞風,X,
江白迥聞風_2,119,2,right_middle,data/images/KAI_p119_02.png,白,しろ,楷書,,江白迥聞風,X,
江白迥聞風_3,119,3,right_bottom,data/images/KAI_p119_03.png,迥,けい,楷書,,江白迥聞風,X,
江白迥聞風_4,119,4,left_top,data/images/KAI_p119_04.png,聞,ぶん,楷書,,江白迥聞風,X,
江白迥聞風_5,119,5,left_middle,data/images/KAI_p119_05.png,風,かぜ,楷書,,江白迥聞風,X,
紅葉萬山霜_1,120,1,right_top,data/images/KAI_p120_01.png,紅,くれない,楷書,,紅葉萬山霜,X,
紅葉萬山霜_2,120,2,right_middle,data/images/KAI_p120_02.png,葉,は,楷書,,紅葉萬山霜,X,
紅葉萬山霜_3,120,3,right_bottom,data/images/KAI_p120_03.png,萬,まん,楷書,,紅葉萬山霜,X,
紅葉萬山霜_4,120,4,left_top,data/images/KAI_p120_04.png,山,やま,楷書,,紅葉萬山霜,X,
紅葉萬山霜_5,120,5,left_middle,data/images/KAI_p120_05.png,霜,しも,楷書,,紅葉萬山霜,X,
秋菊清且香_1,121,1,right_top,data/images/KAI_p121_01.png,秋,あき,楷書,,秋菊清且香,X,
秋菊清且香_2,121,2,right_middle,data/images/KAI_p121_02.png,菊,きく,楷書,,秋菊清且香,X,
秋菊清且香_3,121,3,right_bottom,data/images/KAI_p121_03.png,清,きよし,楷書,,秋菊清且香,X,
秋菊清且香_4,121,4,left_top,data/images/KAI_p121_04.png,且,かつ,楷書,,秋菊清且香,X,
秋菊清且香_5,121,5,left_middle,data/images/KAI_p121_05.png,香,かおり,楷書,,秋菊清且香,X,
静者心自妙_1,122,1,right_top,data/images/KAI_p122_01.png,静,せい,楷書,,静者心自妙,O,
静者心自妙_2,122,2,right_middle,data/images/KAI_p122_02.png,者,もの,楷書,,静者心自妙,O,
静者心自妙_3,122,3,right_bottom,data/images/KAI_p122_03.png,心,こころ,楷書,,静者心自妙,O,
静者心自妙_4,122,4,left_top,data/images/KAI_p122_04.png,自,じ,楷書,,静者心自妙,O,
静者心自妙_5,122,5,left_middle,data/images/KAI_p122_05.png,妙,みょう,楷書,,静者心自妙,O,
落花渓氷香_1,123,1,right_top,data/images/KAI_p123_01.png,落,らく,楷書,,落花渓氷香,X,
落花渓氷香_2,123,2,right_middle,data/images/KAI_p123_02.png,花,はな,楷書,,落花渓氷香,X,
落花渓氷香_3,123,3,right_bottom,data/images/KAI_p123_03.png,渓,けい,楷書,,落花渓氷香,X,
落花渓氷香_4,123,4,left_top,data/images/KAI_p123_04.png,氷,こおり,楷書,,落花渓氷香,X,
落花渓氷香_5,123,5,left_middle,data/images/KAI_p123_05.png,香,かおり,楷書,,落花渓氷香,X,
安間日如年_1,124,1,right_top,data/images/KAI_p124_01.png,安,あん,楷書,,安間日如年,X,
安間日如年_2,124,2,right_middle,data/images/KAI_p124_02.png,間,かん,楷書,,安間日如年,X,
安間日如年_3,124,3,right_bottom,data/images/KAI_p124_03.png,日,にち,楷書,,安間日如年,X,
安間日如年_4,124,4,left_top,data/images/KAI_p124_04.png,如,じょ,楷書,,安間日如年,X,
安間日如年_5,124,5,left_middle,data/images/KAI_p124_05.png,年,ねん,楷書,,安間日如年,X,
瑞氣満梅花_1,125,1,right_top,data/images/KAI_p125_01.png,瑞,ずい,楷書,,瑞氣満梅花,O,
瑞氣満梅花_2,125,2,right_middle,data/images/KAI_p125_02.png,氣,き,楷書,気,瑞氣満梅花,O,
瑞氣満梅花_3,125,3,right_bottom,data/images/KAI_p125_03.png,満,まん,楷書,,瑞氣満梅花,O,
瑞氣満梅花_4,125,4,left_top,data/images/KAI_p125_04.png,梅,うめ,楷書,,瑞氣満梅花,O,
瑞氣満梅花_5,125,5,left_middle,data/images/KAI_p125_05.png,花,はな,楷書,,瑞氣満梅花,O,
桃花千歳春_1,126,1,right_top,data/images/KAI_p126_01.png,桃,もも,楷書,,桃花千歳春,O,
桃花千歳春_2,126,2,right_middle,data/images/KAI_p126_02.png,花,はな,楷書,,桃花千歳春,O,
桃花千歳春_3,126,3,right_bottom,data/images/KAI_p126_03.png,千,せん,楷書,,桃花千歳春,O,
桃花千歳春_4,126,4,left_top,data/images/KAI_p126_04.png,歳,とし,楷書,,桃花千歳春,O,
桃花千歳春_5,126,5,left_middle,data/images/KAI_p126_05.png,春,はる,楷書,,桃花千歳春,O,
時雍表昌運_1,127,1,right_top,data/images/KAI_p127_01.png,時,とき,楷書,,時雍表昌運,X,
時雍表昌運_2,127,2,right_middle,data/images/KAI_p127_02.png,雍,よう,楷書,,時雍表昌運,X,
時雍表昌運_3,127,3,right_bottom,data/images/KAI_p127_03.png,表,おもて,楷書,,時雍表昌運,X,
時雍表昌運_4,127,4,left_top,data/images/KAI_p127_04.png,昌,まさ,楷書,,時雍表昌運,X,
時雍表昌運_5,127,5,left_middle,data/images/KAI_p127_05.png,運,うん,楷書,,時雍表昌運,X,
掃雪開松逕_1,128,1,right_top,data/images/KAI_p128_01.png,掃,そう,楷書,,掃雪開松逕,X,
掃雪開松逕_2,128,2,right_middle,data/images/KAI_p128_02.png,雪,ゆき,楷書,,掃雪開松逕,X,
掃雪開松逕_3,128,3,right_bottom,data/images/KAI_p128_03.png,開,かい,楷書,,掃雪開松逕,X,
掃雪開松逕_4,128,4,left_top,data/images/KAI_p128_04.png,松,まつ,楷書,,掃雪開松逕,X,
掃雪開松逕_5,128,5,left_middle,data/images/KAI_p128_05.png,逕,けい,楷書,,掃雪開松逕,X,
安善養徳性_1,129,1,right_top,data/images/KAI_p129_01.png,安,あん,楷書,,安善養徳性,X,
安善養徳性_2,129,2,right_middle,data/images/KAI_p129_02.png,善,ぜん,楷書,,安善養徳性,X,
安善養徳性_3,129,3,right_bottom,data/images/KAI_p129_03.png,養,よう,楷書,,安善養徳性,X,
安善養徳性_4,129,4,left_top,data/images/KAI_p129_04.png,徳,とく,楷書,,安善養徳性,X,
安善養徳性_5,129,5,left_middle,data/images/KAI_p129_05.png,性,せい,楷書,,安善養徳性,X,
鶯語吟修竹_1,130,1,right_top,data/images/KAI_p130_01.png,鶯,うぐいす,楷書,,鶯語吟修竹,X,
鶯語吟修竹_2,130,2,right_middle,data/images/KAI_p130_02.png,語,ご,楷書,,鶯語吟修竹,X,
鶯語吟修竹_3,130,3,right_bottom,data/images/KAI_p130_03.png,吟,ぎん,楷書,,鶯語吟修竹,X,
鶯語吟修竹_4,130,4,left_top,data/images/KAI_p130_04.png,修,おさむ,楷書,,鶯語吟修竹,X,
鶯語吟修竹_5,130,5,left_middle,data/images/KAI_p130_05.png,竹,たけ,楷書,,鶯語吟修竹,X,
春鳥暢歓情_1,131,1,right_top,data/images/KAI_p131_01.png,春,はる,楷書,,春鳥暢歓情,X,
春鳥暢歓情_2,131,2,right_middle,data/images/KAI_p131_02.png,鳥,とり,楷書,,春鳥暢歓情,X,
春鳥暢歓情_3,131,3,right_bottom,data/images/KAI_p131_03.png,暢,のぶ,楷書,,春鳥暢歓情,X,
春鳥暢歓情_4,131,4,left_top,data/images/KAI_p131_04.png,歓,かん,楷書,,春鳥暢歓情,X,
春鳥暢歓情_5,131,5,left_middle,data/images/KAI_p131_05.png,情,じょう,楷書,,春鳥暢歓情,X,
山秋菊葉香_1,132,1,right_top,data/images/KAI_p132_01.png,山,やま,楷書,,山秋菊葉香,X,
山秋菊葉香_2,132,2,right_middle,data/images/KAI_p132_02.png,秋,あき,楷書,,山秋菊葉香,X,
山秋菊葉香_3,132,3,right_bottom,data/images/KAI_p132_03.png,菊,きく,楷書,,山秋菊葉香,X,
山秋菊葉香_4,132,4,left_top,data/images/KAI_p132_04.png,葉,は,楷書,,山秋菊葉香,X,
山秋菊葉香_5,132,5,left_middle,data/images/KAI_p132_05.png,香,かおり,楷書,,山秋菊葉香,X,
茶煮石根泉_1,133,1,right_top,data/images/KAI_p133_01.png,茶,ちゃ,楷書,,茶煮石根泉,X,
茶煮石根泉_2,133,2,right_middle,data/images/KAI_p133_02.png,煮,に,楷書,,茶煮石根泉,X,
茶煮石根泉_3,133,3,right_bottom,data/images/KAI_p133_03.png,石,いし,楷書,,茶煮石根泉,X,
茶煮石根泉_4,133,4,left_top,data/images/KAI_p133_04.png,根,ね,楷書,,茶煮石根泉,X,
茶煮石根泉_5,133,5,left_middle,data/images/KAI_p133_05.png,泉,いずみ,楷書,,茶煮石根泉,X,
吾志在烟霞_1,134,1,right_top,data/images/KAI_p134_01.png,吾,われ,楷書,,吾志在烟霞,X,
吾志在烟霞_2,134,2,right_middle,data/images/KAI_p134_02.png,志,こころざし,楷書,,吾志在烟霞,X,
吾志在烟霞_3,134,3,right_bottom,data/images/KAI_p134_03.png,在,ざい,楷書,,吾志在烟霞,X,
吾志在烟霞_4,134,4,left_top,data/images/KAI_p134_04.png,烟,けむり,楷書,,吾志在烟霞,X,
吾志在烟霞_5,134,5,left_middle,data/images/KAI_p134_05.png,霞,かすみ,楷書,,吾志在烟霞,X,
言温而氣和_1,135,1,right_top,data/images/KAI_p135_01.png,言,げん,楷書,,言温而氣和,O,
言温而氣和_2,135,2,right_middle,data/images/KAI_p135_02.png,温,おん,楷書,,言温而氣和,O,
言温而氣和_3,135,3,right_bottom,data/images/KAI_p135_03.png,而,じ,楷書,,言温而氣和,O,
言温而氣和_4,135,4,left_top,data/images/KAI_p135_04.png,氣,き,楷書,気,言温而氣和,O,
言温而氣和_5,135,5,left_middle,data/images/KAI_p135_05.png,和,わ,楷書,,言温而氣和,O,
竹外茶烟静_1,136,1,right_top,data/images/KAI_p136_01.png,竹,たけ,楷書,,竹外茶烟静,O,
竹外茶烟静_2,136,2,right_middle,data/images/KAI_p136_02.png,外,そと,楷書,,竹外茶烟静,O,
竹外茶烟静_3,136,3,right_bottom,data/images/KAI_p136_03.png,茶,ちゃ,楷書,,竹外茶烟静,O,
竹外茶烟静_4,136,4,left_top,data/images/KAI_p136_04.png,烟,けむり,楷書,,竹外茶烟静,O,
竹外茶烟静_5,136,5,left_middle,data/images/KAI_p136_05.png,静,せい,楷書,,竹外茶烟静,O,
夏潭蔭修竹_1,137,1,right_top,data/images/KAI_p137_01.png,夏,なつ,楷書,,夏潭蔭修竹,X,
夏潭蔭修竹_2,137,2,right_middle,data/images/KAI_p137_02.png,潭,たん,楷書,,夏潭蔭修竹,X,
夏潭蔭修竹_3,137,3,right_bottom,data/images/KAI_p137_03.png,蔭,いん,楷書,,夏潭蔭修竹,X,
夏潭蔭修竹_4,137,4,left_top,data/images/KAI_p137_04.png,修,おさむ,楷書,,夏潭蔭修竹,X,
夏潭蔭修竹_5,137,5,left_middle,data/images/KAI_p137_05.png,竹,たけ,楷書,,夏潭蔭修竹,X,
茶煙永日香_1,138,1,right_top,data/images/KAI_p138_01.png,茶,ちゃ,楷書,,茶煙永日香,O,
茶煙永日香_2,138,2,right_middle,data/images/KAI_p138_02.png,煙,けむり,楷書,,茶煙永日香,O,
茶煙永日香_3,138,3,right_bottom,data/images/KAI_p138_03.png,永,えい,楷書,,茶煙永日香,O,
茶煙永日香_4,138,4,left_top,data/images/KAI_p138_04.png,日,にち,楷書,,茶煙永日香,O,
茶煙永日香_5,138,5,left_middle,data/images/KAI_p138_05.png,香,かおり,楷書,,茶煙永日香,O,
宿雨松篁色_1,139,1,right_top,data/images/KAI_p139_01.png,宿,やど,楷書,,宿雨松篁色,O,
宿雨松篁色_2,139,2,right_middle,data/images/KAI_p139_02.png,雨,あめ,楷書,,宿雨松篁色,O,
宿雨松篁色_3,139,3,right_bottom,data/images/KAI_p139_03.png,松,まつ,楷書,,宿雨松篁色,O,
宿雨松篁色_4,139,4,left_top,data/images/KAI_p139_04.png,篁,たかむら,楷書,,宿雨松篁色,O,
宿雨松篁色_5,139,5,left_middle,data/images/KAI_p139_05.png,色,いろ,楷書,,宿雨松篁色,O,
飲酒全其神_1,140,1,right_top,data/images/KAI_p140_01.png,飲,いん,楷書,,飲酒全其神,X,
飲酒全其神_2,140,2,right_middle,data/images/KAI_p140_02.png,酒,さけ,楷書,,飲酒全其神,X,
飲酒全其神_3,140,3,right_bottom,data/images/KAI_p140_03.png,全,ぜん,楷書,,飲酒全其神,X,
飲酒全其神_4,140,4,left_top,data/images/KAI_p140_04.png,其,その,楷書,,飲酒全其神,X,
飲酒全其神_5,140,5,left_middle,data/images/KAI_p140_05.png,神,かみ,楷書,,飲酒全其神,X,
間居幽事多_1,141,1,right_top,data/images/KAI_p141_01.png,間,かん,楷書,,間居幽事多,X,
間居幽事多_2,141,2,right_middle,data/images/KAI_p141_02.png,居,きょ,楷書,,間居幽事多,X,
間居幽事多_3,141,3,right_bottom,data/images/KAI_p141_03.png,幽,ゆう,楷書,,間居幽事多,X,
間居幽事多_4,141,4,left_top,data/images/KAI_p141_04.png,事,こと,楷書,,間居幽事多,X,
間居幽事多_5,141,5,left_middle,data/images/KAI_p141_05.png,多,た,楷書,,間居幽事多,X,
宿雨松篁色_1,142,1,right_top,data/images/KAI_p142_01.png,宿,やど,楷書,,宿雨松篁色,O,
宿雨松篁色_2,142,2,right_middle,data/images/KAI_p142_02.png,雨,あめ,楷書,,宿雨松篁色,O,
宿雨松篁色_3,142,3,right_bottom,data/images/KAI_p142_03.png,松,まつ,楷書,,宿雨松篁色,O,
宿雨松篁色_4,142,4,left_top,data/images/KAI_p142_04.png,篁,たかむら,楷書,,宿雨松篁色,O,
宿雨松篁色_5,142,5,left_middle,data/images/KAI_p142_05.png,色,いろ,楷書,,宿雨松篁色,O,
初雨芳草新_1,143,1,right_top,data/images/KAI_p143_01.png,初,はつ,楷書,,初雨芳草新,X,
初雨芳草新_2,143,2,right_middle,data/images/KAI_p143_02.png,雨,あめ,楷書,,初雨芳草新,X,
初雨芳草新_3,143,3,right_bottom,data/images/KAI_p143_03.png,芳,ほう,楷書,,初雨芳草新,X,
初雨芳草新_4,143,4,left_top,data/images/KAI_p143_04.png,草,くさ,楷書,,初雨芳草新,X,
初雨芳草新_5,143,5,left_middle,data/images/KAI_p143_05.png,新,しん,楷書,,初雨芳草新,X,
雨収花竹涼_1,144,1,right_top,data/images/KAI_p144_01.png,雨,あめ,楷書,,雨収花竹涼,X,
雨収花竹涼_2,144,2,right_middle,data/images/KAI_p144_02.png,収,しゅう,楷書,,雨収花竹涼,X,
雨収花竹涼_3,144,3,right_bottom,data/images/KAI_p144_03.png,花,はな,楷書,,雨収花竹涼,X,
雨収花竹涼_4,144,4,left_top,data/images/KAI_p144_04.png,竹,たけ,楷書,,雨収花竹涼,X,
雨収花竹涼_5,144,5,left_middle,data/images/KAI_p144_05.png,涼,りょう,楷書,,雨収花竹涼,X,
秋色雁聲邊_1,145,1,right_top,data/images/KAI_p145_01.png,秋,あき,楷書,,秋色雁聲邊,X,
秋色雁聲邊_2,145,2,right_middle,data/images/KAI_p145_02.png,色,いろ,楷書,,秋色雁聲邊,X,
秋色雁聲邊_3,145,3,right_bottom,data/images/KAI_p145_03.png,雁,がん,楷書,,秋色雁聲邊,X,
秋色雁聲邊_4,145,4,left_top,data/images/KAI_p145_04.png,聲,こえ,楷書,,秋色雁聲邊,X,
秋色雁聲邊_5,145,5,left_middle,data/images/KAI_p145_05.png,邊,へん,楷書,辺,秋色雁聲邊,X,
怡然有餘樂_1,146,1,right_top,data/images/KAI_p146_01.png,怡,い,楷書,,怡然有餘樂,X,
怡然有餘樂_2,146,2,right_middle,data/images/KAI_p146_02.png,然,ぜん,楷書,,怡然有餘樂,X,
怡然有餘樂_3,146,3,right_bottom,data/images/KAI_p146_03.png,有,あり,楷書,,怡然有餘樂,X,
怡然有餘樂_4,146,4,left_top,data/images/KAI_p146_04.png,餘,よ,楷書,,怡然有餘樂,X,
怡然有餘樂_5,146,5,left_middle,data/images/KAI_p146_05.png,樂,らく,楷書,,怡然有餘樂,X,
琴書且自娯_1,147,1,right_top,data/images/KAI_p147_01.png,琴,こん,楷書,,琴書且自娯,O,
琴書且自娯_2,147,2,right_middle,data/images/KAI_p147_02.png,書,かき,楷書,,琴書且自娯,O,
琴書且自娯_3,147,3,right_bottom,data/images/KAI_p147_03.png,且,かつ,楷書,,琴書且自娯,O,
琴書且自娯_4,147,4,left_top,data/images/KAI_p147_04.png,自,じ,楷書,,琴書且自娯,O,
琴書且自娯_5,147,5,left_middle,data/images/KAI_p147_05.png,娯,ご,楷書,,琴書且自娯,O,
忘機無物我_1,148,1,right_top,data/images/KAI_p148_01.png,忘,ぼう,楷書,,忘機無物我,O,
忘機無物我_2,148,2,right_middle,data/images/KAI_p148_02.png,機,き,楷書,,忘機無物我,O,
忘機無物我_3,148,3,right_bottom,data/images/KAI_p148_03.png,無,む,楷書,,忘機無物我,O,
忘機無物我_4,148,4,left_top,data/images/KAI_p148_04.png,物,もの,楷書,,忘機無物我,O,
忘機無物我_5,148,5,left_middle,data/images/KAI_p148_05.png,我,われ,楷書,,忘機無物我,O,
竹外茶烟静_1,149,1,right_top,data/images/KAI_p149_01.png,竹,たけ,楷書,,竹外茶烟静,O,
竹外茶烟静_2,149,2,right_middle,data/images/KAI_p149_02.png,外,そと,楷書,,竹外茶烟静,O,
竹外茶烟静_3,149,3,right_bottom,data/images/KAI_p149_03.png,茶,ちゃ,楷書,,竹外茶烟静,O,
竹外茶烟静_4,149,4,left_top,data/images/KAI_p149_04.png,烟,けむり,楷書,煙,竹外茶烟静,O,
竹外茶烟静_5,149,5,left_middle,data/images/KAI_p149_05.png,静,せい,楷書,,竹外茶烟静,O,
琴書且自娯_1,150,1,right_top,data/images/KAI_p150_01.png,琴,こん,楷書,,琴書且自娯,O,
琴書且自娯_2,150,2,right_middle,data/images/KAI_p150_02.png,書,かき,楷書,,琴書且自娯,O,
琴書且自娯_3,150,3,right_bottom,data/images/KAI_p150_03.png,且,かつ,楷書,,琴書且自娯,O,
琴書且自娯_4,150,4,left_top,data/images/KAI_p150_04.png,自,じ,楷書,,琴書且自娯,O,
琴書且自娯_5,150,5,left_middle,data/images/KAI_p150_05.png,娯,ご,楷書,,琴書且自娯,O,
水退池上熱_1,151,1,right_top,data/images/KAI_p151_01.png,水,みず,楷書,,水退池上熱,X,
水退池上熱_2,151,2,right_middle,data/images/KAI_p151_02.png,退,たい,楷書,,水退池上熱,X,
水退池上熱_3,151,3,right_bottom,data/images/KAI_p151_03.png,池,いけ,楷書,,水退池上熱,X,
水退池上熱_4,151,4,left_top,data/images/KAI_p151_04.png,上,うえ,楷書,,水退池上熱,X,
水退池上熱_5,151,5,left_middle,data/images/KAI_p151_05.png,熱,ねつ,楷書,,水退池上熱,X,
寒燈竹屋閒_1,152,1,right_top,data/images/KAI_p152_01.png,寒,かん,楷書,,寒燈竹屋閒,X,
寒燈竹屋閒_2,152,2,right_middle,data/images/KAI_p152_02.png,燈,とう,楷書,,寒燈竹屋閒,X,
寒燈竹屋閒_3,152,3,right_bottom,data/images/KAI_p152_03.png,竹,たけ,楷書,,寒燈竹屋閒,X,
寒燈竹屋閒_4,152,4,left_top,data/images/KAI_p152_04.png,屋,や,楷書,,寒燈竹屋閒,X,
寒燈竹屋閒_5,152,5,left_middle,data/images/KAI_p152_05.png,閒,かん,楷書,間,寒燈竹屋閒,X,
珠汗洽玉体_1,153,1,right_top,data/images/KAI_p153_01.png,珠,しゅ,楷書,,珠汗洽玉体,X,
珠汗洽玉体_2,153,2,right_middle,data/images/KAI_p153_02.png,汗,あせ,楷書,,珠汗洽玉体,X,
珠汗洽玉体_3,153,3,right_bottom,data/images/KAI_p153_03.png,洽,こう,楷書,,珠汗洽玉体,X,
珠汗洽玉体_4,153,4,left_top,data/images/KAI_p153_04.png,玉,たま,楷書,,珠汗洽玉体,X,
珠汗洽玉体_5,153,5,left_middle,data/images/KAI_p153_05.png,体,からだ,楷書,,珠汗洽玉体,X,
美景恣観賞_1,154,1,right_top,data/images/KAI_p154_01.png,美,び,楷書,,美景恣観賞,X,
美景恣観賞_2,154,2,right_middle,data/images/KAI_p154_02.png,景,けい,楷書,,美景恣観賞,X,
美景恣観賞_3,154,3,right_bottom,data/images/KAI_p154_03.png,恣,し,楷書,,美景恣観賞,X,
美景恣観賞_4,154,4,left_top,data/images/KAI_p154_04.png,観,かん,楷書,,美景恣観賞,X,
美景恣観賞_5,154,5,left_middle,data/images/KAI_p154_05.png,賞,しょう,楷書,,美景恣観賞,X,
忘機無物我_1,155,1,right_top,data/images/KAI_p155_01.png,忘,ぼう,楷書,,忘機無物我,O,
忘機無物我_2,155,2,right_middle,data/images/KAI_p155_02.png,機,き,楷書,,忘機無物我,O,
忘機無物我_3,155,3,right_bottom,data/images/KAI_p155_03.png,無,む,楷書,,忘機無物我,O,
忘機無物我_4,155,4,left_top,data/images/KAI_p155_04.png,物,もの,楷書,,忘機無物我,O,
忘機無物我_5,155,5,left_middle,data/images/KAI_p155_05.png,我,われ,楷書,,忘機無物我,O,
花開酒国春_1,156,1,right_top,data/images/KAI_p156_01.png,花,はな,楷書,,花開酒国春,X,
花開酒国春_2,156,2,right_middle,data/images/KAI_p156_02.png,開,かい,楷書,,花開酒国春,X,
花開酒国春_3,156,3,right_bottom,data/images/KAI_p156_03.png,酒,さけ,楷書,,花開酒国春,X,
花開酒国春_4,156,4,left_top,data/images/KAI_p156_04.png,国,くに,楷書,,花開酒国春,X,
花開酒国春_5,156,5,left_middle,data/images/KAI_p156_05.png,春,はる,楷書,,花開酒国春,X,
南山祝寿長_1,157,1,right_top,data/images/KAI_p157_01.png,南,みなみ,楷書,,南山祝寿長,X,
南山祝寿長_2,157,2,right_middle,data/images/KAI_p157_02.png,山,やま,楷書,,南山祝寿長,X,
南山祝寿長_3,157,3,right_bottom,data/images/KAI_p157_03.png,祝,しゅく,楷書,,南山祝寿長,X,
南山祝寿長_4,157,4,left_top,data/images/KAI_p157_04.png,寿,ひさし,楷書,,南山祝寿長,X,
南山祝寿長_5,157,5,left_middle,data/images/KAI_p157_05.png,長,ちょう,楷書,,南山祝寿長,X,
静者心自妙_1,158,1,right_top,data/images/KAI_p158_01.png,静,せい,楷書,,静者心自妙,O,
静者心自妙_2,158,2,right_middle,data/images/KAI_p158_02.png,者,もの,楷書,,静者心自妙,O,
静者心自妙_3,158,3,right_bottom,data/images/KAI_p158_03.png,心,こころ,楷書,,静者心自妙,O,
静者心自妙_4,158,4,left_top,data/images/KAI_p158_04.png,自,じ,楷書,,静者心自妙,O,
静者心自妙_5,158,5,left_middle,data/images/KAI_p158_05.png,妙,みょう,楷書,,静者心自妙,O,
昇平多楽事_1,159,1,right_top,data/images/KAI_p159_01.png,昇,のぼる,楷書,,昇平多楽事,O,
昇平多楽事_2,159,2,right_middle,data/images/KAI_p159_02.png,平,たいら,楷書,,昇平多楽事,O,
昇平多楽事_3,159,3,right_bottom,data/images/KAI_p159_03.png,多,た,楷書,,昇平多楽事,O,
昇平多楽事_4,159,4,left_top,data/images/KAI_p159_04.png,楽,らく,楷書,,昇平多楽事,O,
昇平多楽事_5,159,5,left_middle,data/images/KAI_p159_05.png,事,こと,楷書,,昇平多楽事,O,
太和呈景運_1,160,1,right_top,data/images/KAI_p160_01.png,太,た,楷書,,太和呈景運,O,
太和呈景運_2,160,2,right_middle,data/images/KAI_p160_02.png,和,わ,楷書,,太和呈景運,O,
太和呈景運_3,160,3,right_bottom,data/images/KAI_p160_03.png,呈,てい,楷書,,太和呈景運,O,
太和呈景運_4,160,4,left_top,data/images/KAI_p160_04.png,景,けい,楷書,,太和呈景運,O,
太和呈景運_5,160,5,left_middle,data/images/KAI_p160_05.png,運,うん,楷書,,太和呈景運,O,
非徳莫如勤_1,161,1,right_top,data/images/KAI_p161_01.png,非,ひ,楷書,,非徳莫如勤,X,
非徳莫如勤_2,161,2,right_middle,data/images/KAI_p161_02.png,徳,とく,楷書,,非徳莫如勤,X,
非徳莫如勤_3,161,3,right_bottom,data/images/KAI_p161_03.png,莫,ばく,楷書,,非徳莫如勤,X,
非徳莫如勤_4,161,4,left_top,data/images/KAI_p161_04.png,如,じょ,楷書,,非徳莫如勤,X,
非徳莫如勤_5,161,5,left_middle,data/images/KAI_p161_05.png,勤,つとむ,楷書,,非徳莫如勤,X,
新篁動清節_1,162,1,right_top,data/images/KAI_p162_01.png,新,しん,楷書,,新篁動清節,O,
新篁動清節_2,162,2,right_middle,data/images/KAI_p162_02.png,篁,たかむら,楷書,,新篁動清節,O,
新篁動清節_3,162,3,right_bottom,data/images/KAI_p162_03.png,動,どう,楷書,,新篁動清節,O,
新篁動清節_4,162,4,left_top,data/images/KAI_p162_04.png,清,きよし,楷書,,新篁動清節,O,
新篁動清節_5,162,5,left_middle,data/images/KAI_p162_05.png,節,ふし,楷書,,新篁動清節,O,
景色開芳菲_1,163,1,right_top,data/images/KAI_p163_01.png,景,けい,楷書,,景色開芳菲,X,
景色開芳菲_2,163,2,right_middle,data/images/KAI_p163_02.png,色,いろ,楷書,,景色開芳菲,X,
景色開芳菲_3,163,3,right_bottom,data/images/KAI_p163_03.png,開,かい,楷書,,景色開芳菲,X,
景色開芳菲_4,163,4,left_top,data/images/KAI_p163_04.png,芳,ほう,楷書,,景色開芳菲,X,
景色開芳菲_5,163,5,left_middle,data/images/KAI_p163_05.png,菲,ひ,楷書,,景色開芳菲,X,
寒燈竹屋間_1,164,1,right_top,data/images/KAI_p164_01.png,寒,かん,楷書,,寒燈竹屋間,X,
寒燈竹屋間_2,164,2,right_middle,data/images/KAI_p164_02.png,燈,とう,楷書,,寒燈竹屋間,X,
寒燈竹屋間_3,164,3,right_bottom,data/images/KAI_p164_03.png,竹,たけ,楷書,,寒燈竹屋間,X,
寒燈竹屋間_4,164,4,left_top,data/images/KAI_p164_04.png,屋,や,楷書,,寒燈竹屋間,X,
寒燈竹屋間_5,164,5,left_middle,data/images/KAI_p164_05.png,間,かん,楷書,,寒燈竹屋間,X,
茶烟永日香_1,165,1,right_top,data/images/KAI_p165_01.png,茶,ちゃ,楷書,,茶烟永日香,X,
茶烟永日香_2,165,2,right_middle,data/images/KAI_p165_02.png,烟,けむり,楷書,煙,茶烟永日香,X,
茶烟永日香_3,165,3,right_bottom,data/images/KAI_p165_03.png,永,えい,楷書,,茶烟永日香,X,
茶烟永日香_4,165,4,left_top,data/images/KAI_p165_04.png,日,にち,楷書,,茶烟永日香,X,
茶烟永日香_5,165,5,left_middle,data/images/KAI_p165_05.png,香,かおり,楷書,,茶烟永日香,X,
山意向秋多_1,166,1,right_top,data/images/KAI_p166_01.png,山,やま,楷書,,山意向秋多,O,
山意向秋多_2,166,2,right_middle,data/images/KAI_p166_02.png,意,い,楷書,,山意向秋多,O,
山意向秋多_3,166,3,right_bottom,data/images/KAI_p166_03.png,向,こう,楷書,,山意向秋多,O,
山意向秋多_4,166,4,left_top,data/images/KAI_p166_04.png,秋,あき,楷書,,山意向秋多,O,
山意向秋多_5,166,5,left_middle,data/images/KAI_p166_05.png,多,た,楷書,,山意向秋多,O,
芳春媚韶景_1,167,1,right_top,data/images/KAI_p167_01.png,芳,ほう,楷書,,芳春媚韶景,X,
芳春媚韶景_2,167,2,right_middle,data/images/KAI_p167_02.png,春,はる,楷書,,芳春媚韶景,X,
芳春媚韶景_3,167,3,right_bottom,data/images/KAI_p167_03.png,媚,び,楷書,,芳春媚韶景,X,
芳春媚韶景_4,167,4,left_top,data/images/KAI_p167_04.png,韶,しょう,楷書,,芳春媚韶景,X,
芳春媚韶景_5,167,5,left_middle,data/images/KAI_p167_05.png,景,けい,楷書,,芳春媚韶景,X,
暖日生花氣_1,168,1,right_top,data/images/KAI_p168_01.png,暖,だん,楷書,,暖日生花氣,X,
暖日生花氣_2,168,2,right_middle,data/images/KAI_p168_02.png,日,にち,楷書,,暖日生花氣,X,
暖日生花氣_3,168,3,right_bottom,data/images/KAI_p168_03.png,生,なま,楷書,,暖日生花氣,X,
暖日生花氣_4,168,4,left_top,data/images/KAI_p168_04.png,花,はな,楷書,,暖日生花氣,X,
暖日生花氣_5,168,5,left_middle,data/images/KAI_p168_05.png,氣,き,楷書,気,暖日生花氣,X,
青春迎淑景_1,169,1,right_top,data/images/KAI_p169_01.png,青,あお,楷書,,青春迎淑景,X,
青春迎淑景_2,169,2,right_middle,data/images/KAI_p169_02.png,春,はる,楷書,,青春迎淑景,X,
青春迎淑景_3,169,3,right_bottom,data/images/KAI_p169_03.png,迎,げい,楷書,,青春迎淑景,X,
青春迎淑景_4,169,4,left_top,data/images/KAI_p169_04.png,淑,しゅく,楷書,,青春迎淑景,X,
青春迎淑景_5,169,5,left_middle,data/images/KAI_p169_05.png,景,けい,楷書,,青春迎淑景,X,
保合播春風_1,170,1,right_top,data/images/KAI_p170_01.png,保,ほ,楷書,,保合播春風,O,
保合播春風_2,170,2,right_middle,data/images/KAI_p170_02.png,合,ごう,楷書,,保合播春風,O,
保合播春風_3,170,3,right_bottom,data/images/KAI_p170_03.png,播,ばん,楷書,,保合播春風,O,
保合播春風_4,170,4,left_top,data/images/KAI_p170_04.png,春,はる,楷書,,保合播春風,O,
保合播春風_5,170,5,left_middle,data/images/KAI_p170_05.png,風,かぜ,楷書,,保合播春風,O,
春風秀芳草_1,171,1,right_top,data/images/KAI_p171_01.png,春,はる,楷書,,春風秀芳草,O,
春風秀芳草_2,171,2,right_middle,data/images/KAI_p171_02.png,風,かぜ,楷書,,春風秀芳草,O,
春風秀芳草_3,171,3,right_bottom,data/images/KAI_p171_03.png,秀,しゅう,楷書,,春風秀芳草,O,
春風秀芳草_4,171,4,left_top,data/images/KAI_p171_04.png,芳,ほう,楷書,,春風秀芳草,O,
春風秀芳草_5,171,5,left_middle,data/images/KAI_p171_05.png,草,くさ,楷書,,春風秀芳草,O,
春風秀芳草_1,172,1,right_top,data/images/KAI_p172_01.png,春,はる,楷書,,春風秀芳草,O,
春風秀芳草_2,172,2,right_middle,data/images/KAI_p172_02.png,風,かぜ,楷書,,春風秀芳草,O,
春風秀芳草_3,172,3,right_bottom,data/images/KAI_p172_03.png,秀,しゅう,楷書,,春風秀芳草,O,
春風秀芳草_4,172,4,left_top,data/images/KAI_p172_04.png,芳,ほう,楷書,,春風秀芳草,O,
春風秀芳草_5,172,5,left_middle,data/images/KAI_p172_05.png,草,くさ,楷書,,春風秀芳草,O,
和気作新年_1,173,1,right_top,data/images/KAI_p173_01.png,和,わ,楷書,,和気作新年,X,
和気作新年_2,173,2,right_middle,data/images/KAI_p173_02.png,気,き,楷書,,和気作新年,X,
和気作新年_3,173,3,right_bottom,data/images/KAI_p173_03.png,作,さく,楷書,,和気作新年,X,
和気作新年_4,173,4,left_top,data/images/KAI_p173_04.png,新,しん,楷書,,和気作新年,X,
和気作新年_5,173,5,left_middle,data/images/KAI_p173_05.png,年,ねん,楷書,,和気作新年,X,
