sheet_id,page,slot,slot_name,image_path,char,yomi,style,note
KAI4_p001,1,1,right_top,data/images/KAI4_p001_01.png,,,,
KAI4_p001,1,2,right_bottom,data/images/KAI4_p001_02.png,,,,
KAI4_p001,1,3,left_top,data/images/KAI4_p001_03.png,,,,
KAI4_p001,1,4,left_bottom,data/images/KAI4_p001_04.png,,,,
KAI4_p002,2,1,right_top,data/images/KAI4_p002_01.png,,,,
KAI4_p002,2,2,right_bottom,data/images/KAI4_p002_02.png,,,,
KAI4_p002,2,3,left_top,data/images/KAI4_p002_03.png,,,,
KAI4_p002,2,4,left_bottom,data/images/KAI4_p002_04.png,,,,
KAI4_p003,3,1,right_top,data/images/KAI4_p003_01.png,,,,
KAI4_p003,3,2,right_bottom,data/images/KAI4_p003_02.png,,,,
KAI4_p003,3,3,left_top,data/images/KAI4_p003_03.png,,,,
KAI4_p003,3,4,left_bottom,data/images/KAI4_p003_04.png,,,,
KAI4_p004,4,1,right_top,data/images/KAI4_p004_01.png,,,,
KAI4_p004,4,2,right_bottom,data/images/KAI4_p004_02.png,,,,
KAI4_p004,4,3,left_top,data/images/KAI4_p004_03.png,,,,
KAI4_p004,4,4,left_bottom,data/images/KAI4_p004_04.png,,,,
KAI4_p005,5,1,right_top,data/images/KAI4_p005_01.png,,,,
KAI4_p005,5,2,right_bottom,data/images/KAI4_p005_02.png,,,,
KAI4_p005,5,3,left_top,data/images/KAI4_p005_03.png,,,,
KAI4_p005,5,4,left_bottom,data/images/KAI4_p005_04.png,,,,
KAI4_p006,6,1,right_top,data/images/KAI4_p006_01.png,,,,
KAI4_p006,6,2,right_bottom,data/images/KAI4_p006_02.png,,,,
KAI4_p006,6,3,left_top,data/images/KAI4_p006_03.png,,,,
KAI4_p006,6,4,left_bottom,data/images/KAI4_p006_04.png,,,,
KAI4_p007,7,1,right_top,data/images/KAI4_p007_01.png,,,,
KAI4_p007,7,2,right_bottom,data/images/KAI4_p007_02.png,,,,
KAI4_p007,7,3,left_top,data/images/KAI4_p007_03.png,,,,
KAI4_p007,7,4,left_bottom,data/images/KAI4_p007_04.png,,,,
KAI4_p008,8,1,right_top,data/images/KAI4_p008_01.png,,,,
KAI4_p008,8,2,right_bottom,data/images/KAI4_p008_02.png,,,,
KAI4_p008,8,3,left_top,data/images/KAI4_p008_03.png,,,,
KAI4_p008,8,4,left_bottom,data/images/KAI4_p008_04.png,,,,
KAI4_p009,9,1,right_top,data/images/KAI4_p009_01.png,,,,
KAI4_p009,9,2,right_bottom,data/images/KAI4_p009_02.png,,,,
KAI4_p009,9,3,left_top,data/images/KAI4_p009_03.png,,,,
KAI4_p009,9,4,left_bottom,data/images/KAI4_p009_04.png,,,,
KAI4_p010,10,1,right_top,data/images/KAI4_p010_01.png,,,,
KAI4_p010,10,2,right_bottom,data/images/KAI4_p010_02.png,,,,
KAI4_p010,10,3,left_top,data/images/KAI4_p010_03.png,,,,
KAI4_p010,10,4,left_bottom,data/images/KAI4_p010_04.png,,,,
KAI4_p011,11,1,right_top,data/images/KAI4_p011_01.png,,,,
KAI4_p011,11,2,right_bottom,data/images/KAI4_p011_02.png,,,,
KAI4_p011,11,3,left_top,data/images/KAI4_p011_03.png,,,,
KAI4_p011,11,4,left_bottom,data/images/KAI4_p011_04.png,,,,
KAI4_p012,12,1,right_top,data/images/KAI4_p012_01.png,,,,
KAI4_p012,12,2,right_bottom,data/images/KAI4_p012_02.png,,,,
KAI4_p012,12,3,left_top,data/images/KAI4_p012_03.png,,,,
KAI4_p012,12,4,left_bottom,data/images/KAI4_p012_04.png,,,,
KAI4_p013,13,1,right_top,data/images/KAI4_p013_01.png,,,,
KAI4_p013,13,2,right_bottom,data/images/KAI4_p013_02.png,,,,
KAI4_p013,13,3,left_top,data/images/KAI4_p013_03.png,,,,
KAI4_p013,13,4,left_bottom,data/images/KAI4_p013_04.png,,,,
KAI4_p014,14,1,right_top,data/images/KAI4_p014_01.png,,,,
KAI4_p014,14,2,right_bottom,data/images/KAI4_p014_02.png,,,,
KAI4_p014,14,3,left_top,data/images/KAI4_p014_03.png,,,,
KAI4_p014,14,4,left_bottom,data/images/KAI4_p014_04.png,,,,
KAI4_p015,15,1,right_top,data/images/KAI4_p015_01.png,,,,
KAI4_p015,15,2,right_bottom,data/images/KAI4_p015_02.png,,,,
KAI4_p015,15,3,left_top,data/images/KAI4_p015_03.png,,,,
KAI4_p015,15,4,left_bottom,data/images/KAI4_p015_04.png,,,,
KAI4_p016,16,1,right_top,data/images/KAI4_p016_01.png,,,,
KAI4_p016,16,2,right_bottom,data/images/KAI4_p016_02.png,,,,
KAI4_p016,16,3,left_top,data/images/KAI4_p016_03.png,,,,
KAI4_p016,16,4,left_bottom,data/images/KAI4_p016_04.png,,,,
KAI4_p017,17,1,right_top,data/images/KAI4_p017_01.png,,,,
KAI4_p017,17,2,right_bottom,data/images/KAI4_p017_02.png,,,,
KAI4_p017,17,3,left_top,data/images/KAI4_p017_03.png,,,,
KAI4_p017,17,4,left_bottom,data/images/KAI4_p017_04.png,,,,
KAI4_p018,18,1,right_top,data/images/KAI4_p018_01.png,,,,
KAI4_p018,18,2,right_bottom,data/images/KAI4_p018_02.png,,,,
KAI4_p018,18,3,left_top,data/images/KAI4_p018_03.png,,,,
KAI4_p018,18,4,left_bottom,data/images/KAI4_p018_04.png,,,,
KAI4_p019,19,1,right_top,data/images/KAI4_p019_01.png,,,,
KAI4_p019,19,2,right_bottom,data/images/KAI4_p019_02.png,,,,
KAI4_p019,19,3,left_top,data/images/KAI4_p019_03.png,,,,
KAI4_p019,19,4,left_bottom,data/images/KAI4_p019_04.png,,,,
KAI4_p020,20,1,right_top,data/images/KAI4_p020_01.png,,,,
KAI4_p020,20,2,right_bottom,data/images/KAI4_p020_02.png,,,,
KAI4_p020,20,3,left_top,data/images/KAI4_p020_03.png,,,,
KAI4_p020,20,4,left_bottom,data/images/KAI4_p020_04.png,,,,
KAI4_p021,21,1,right_top,data/images/KAI4_p021_01.png,,,,
KAI4_p021,21,2,right_bottom,data/images/KAI4_p021_02.png,,,,
KAI4_p021,21,3,left_top,data/images/KAI4_p021_03.png,,,,
KAI4_p021,21,4,left_bottom,data/images/KAI4_p021_04.png,,,,
KAI4_p022,22,1,right_top,data/images/KAI4_p022_01.png,,,,
KAI4_p022,22,2,right_bottom,data/images/KAI4_p022_02.png,,,,
KAI4_p022,22,3,left_top,data/images/KAI4_p022_03.png,,,,
KAI4_p022,22,4,left_bottom,data/images/KAI4_p022_04.png,,,,
KAI4_p023,23,1,right_top,data/images/KAI4_p023_01.png,,,,
KAI4_p023,23,2,right_bottom,data/images/KAI4_p023_02.png,,,,
KAI4_p023,23,3,left_top,data/images/KAI4_p023_03.png,,,,
KAI4_p023,23,4,left_bottom,data/images/KAI4_p023_04.png,,,,
KAI4_p024,24,1,right_top,data/images/KAI4_p024_01.png,,,,
KAI4_p024,24,2,right_bottom,data/images/KAI4_p024_02.png,,,,
KAI4_p024,24,3,left_top,data/images/KAI4_p024_03.png,,,,
KAI4_p024,24,4,left_bottom,data/images/KAI4_p024_04.png,,,,
KAI4_p025,25,1,right_top,data/images/KAI4_p025_01.png,,,,
KAI4_p025,25,2,right_bottom,data/images/KAI4_p025_02.png,,,,
KAI4_p025,25,3,left_top,data/images/KAI4_p025_03.png,,,,
KAI4_p025,25,4,left_bottom,data/images/KAI4_p025_04.png,,,,
KAI4_p026,26,1,right_top,data/images/KAI4_p026_01.png,,,,
KAI4_p026,26,2,right_bottom,data/images/KAI4_p026_02.png,,,,
KAI4_p026,26,3,left_top,data/images/KAI4_p026_03.png,,,,
KAI4_p026,26,4,left_bottom,data/images/KAI4_p026_04.png,,,,
KAI4_p027,27,1,right_top,data/images/KAI4_p027_01.png,,,,
KAI4_p027,27,2,right_bottom,data/images/KAI4_p027_02.png,,,,
KAI4_p027,27,3,left_top,data/images/KAI4_p027_03.png,,,,
KAI4_p027,27,4,left_bottom,data/images/KAI4_p027_04.png,,,,
KAI4_p028,28,1,right_top,data/images/KAI4_p028_01.png,,,,
KAI4_p028,28,2,right_bottom,data/images/KAI4_p028_02.png,,,,
KAI4_p028,28,3,left_top,data/images/KAI4_p028_03.png,,,,
KAI4_p028,28,4,left_bottom,data/images/KAI4_p028_04.png,,,,
KAI4_p029,29,1,right_top,data/images/KAI4_p029_01.png,,,,
KAI4_p029,29,2,right_bottom,data/images/KAI4_p029_02.png,,,,
KAI4_p029,29,3,left_top,data/images/KAI4_p029_03.png,,,,
KAI4_p029,29,4,left_bottom,data/images/KAI4_p029_04.png,,,,
KAI4_p030,30,1,right_top,data/images/KAI4_p030_01.png,,,,
KAI4_p030,30,2,right_bottom,data/images/KAI4_p030_02.png,,,,
KAI4_p030,30,3,left_top,data/images/KAI4_p030_03.png,,,,
KAI4_p030,30,4,left_bottom,data/images/KAI4_p030_04.png,,,,
KAI4_p031,31,1,right_top,data/images/KAI4_p031_01.png,,,,
KAI4_p031,31,2,right_bottom,data/images/KAI4_p031_02.png,,,,
KAI4_p031,31,3,left_top,data/images/KAI4_p031_03.png,,,,
KAI4_p031,31,4,left_bottom,data/images/KAI4_p031_04.png,,,,
KAI4_p032,32,1,right_top,data/images/KAI4_p032_01.png,,,,
KAI4_p032,32,2,right_bottom,data/images/KAI4_p032_02.png,,,,
KAI4_p032,32,3,left_top,data/images/KAI4_p032_03.png,,,,
KAI4_p032,32,4,left_bottom,data/images/KAI4_p032_04.png,,,,
KAI4_p033,33,1,right_top,data/images/KAI4_p033_01.png,,,,
KAI4_p033,33,2,right_bottom,data/images/KAI4_p033_02.png,,,,
KAI4_p033,33,3,left_top,data/images/KAI4_p033_03.png,,,,
KAI4_p033,33,4,left_bottom,data/images/KAI4_p033_04.png,,,,
KAI4_p034,34,1,right_top,data/images/KAI4_p034_01.png,,,,
KAI4_p034,34,2,right_bottom,data/images/KAI4_p034_02.png,,,,
KAI4_p034,34,3,left_top,data/images/KAI4_p034_03.png,,,,
KAI4_p034,34,4,left_bottom,data/images/KAI4_p034_04.png,,,,
KAI4_p035,35,1,right_top,data/images/KAI4_p035_01.png,,,,
KAI4_p035,35,2,right_bottom,data/images/KAI4_p035_02.png,,,,
KAI4_p035,35,3,left_top,data/images/KAI4_p035_03.png,,,,
KAI4_p035,35,4,left_bottom,data/images/KAI4_p035_04.png,,,,
KAI4_p036,36,1,right_top,data/images/KAI4_p036_01.png,,,,
KAI4_p036,36,2,right_bottom,data/images/KAI4_p036_02.png,,,,
KAI4_p036,36,3,left_top,data/images/KAI4_p036_03.png,,,,
KAI4_p036,36,4,left_bottom,data/images/KAI4_p036_04.png,,,,
KAI4_p037,37,1,right_top,data/images/KAI4_p037_01.png,,,,
KAI4_p037,37,2,right_bottom,data/images/KAI4_p037_02.png,,,,
KAI4_p037,37,3,left_top,data/images/KAI4_p037_03.png,,,,
KAI4_p037,37,4,left_bottom,data/images/KAI4_p037_04.png,,,,
KAI4_p038,38,1,right_top,data/images/KAI4_p038_01.png,,,,
KAI4_p038,38,2,right_bottom,data/images/KAI4_p038_02.png,,,,
KAI4_p038,38,3,left_top,data/images/KAI4_p038_03.png,,,,
KAI4_p038,38,4,left_bottom,data/images/KAI4_p038_04.png,,,,
KAI4_p039,39,1,right_top,data/images/KAI4_p039_01.png,,,,
KAI4_p039,39,2,right_bottom,data/images/KAI4_p039_02.png,,,,
KAI4_p039,39,3,left_top,data/images/KAI4_p039_03.png,,,,
KAI4_p039,39,4,left_bottom,data/images/KAI4_p039_04.png,,,,
KAI4_p040,40,1,right_top,data/images/KAI4_p040_01.png,,,,
KAI4_p040,40,2,right_bottom,data/images/KAI4_p040_02.png,,,,
KAI4_p040,40,3,left_top,data/images/KAI4_p040_03.png,,,,
KAI4_p040,40,4,left_bottom,data/images/KAI4_p040_04.png,,,,
KAI4_p041,41,1,right_top,data/images/KAI4_p041_01.png,,,,
KAI4_p041,41,2,right_bottom,data/images/KAI4_p041_02.png,,,,
KAI4_p041,41,3,left_top,data/images/KAI4_p041_03.png,,,,
KAI4_p041,41,4,left_bottom,data/images/KAI4_p041_04.png,,,,
KAI4_p042,42,1,right_top,data/images/KAI4_p042_01.png,,,,
KAI4_p042,42,2,right_bottom,data/images/KAI4_p042_02.png,,,,
KAI4_p042,42,3,left_top,data/images/KAI4_p042_03.png,,,,
KAI4_p042,42,4,left_bottom,data/images/KAI4_p042_04.png,,,,
KAI4_p043,43,1,right_top,data/images/KAI4_p043_01.png,,,,
KAI4_p043,43,2,right_bottom,data/images/KAI4_p043_02.png,,,,
KAI4_p043,43,3,left_top,data/images/KAI4_p043_03.png,,,,
KAI4_p043,43,4,left_bottom,data/images/KAI4_p043_04.png,,,,
KAI4_p044,44,1,right_top,data/images/KAI4_p044_01.png,,,,
KAI4_p044,44,2,right_bottom,data/images/KAI4_p044_02.png,,,,
KAI4_p044,44,3,left_top,data/images/KAI4_p044_03.png,,,,
KAI4_p044,44,4,left_bottom,data/images/KAI4_p044_04.png,,,,
KAI4_p045,45,1,right_top,data/images/KAI4_p045_01.png,,,,
KAI4_p045,45,2,right_bottom,data/images/KAI4_p045_02.png,,,,
KAI4_p045,45,3,left_top,data/images/KAI4_p045_03.png,,,,
KAI4_p045,45,4,left_bottom,data/images/KAI4_p045_04.png,,,,
KAI4_p046,46,1,right_top,data/images/KAI4_p046_01.png,,,,
KAI4_p046,46,2,right_bottom,data/images/KAI4_p046_02.png,,,,
KAI4_p046,46,3,left_top,data/images/KAI4_p046_03.png,,,,
KAI4_p046,46,4,left_bottom,data/images/KAI4_p046_04.png,,,,
KAI4_p047,47,1,right_top,data/images/KAI4_p047_01.png,,,,
KAI4_p047,47,2,right_bottom,data/images/KAI4_p047_02.png,,,,
KAI4_p047,47,3,left_top,data/images/KAI4_p047_03.png,,,,
KAI4_p047,47,4,left_bottom,data/images/KAI4_p047_04.png,,,,
KAI4_p048,48,1,right_top,data/images/KAI4_p048_01.png,,,,
KAI4_p048,48,2,right_bottom,data/images/KAI4_p048_02.png,,,,
KAI4_p048,48,3,left_top,data/images/KAI4_p048_03.png,,,,
KAI4_p048,48,4,left_bottom,data/images/KAI4_p048_04.png,,,,
KAI4_p049,49,1,right_top,data/images/KAI4_p049_01.png,,,,
KAI4_p049,49,2,right_bottom,data/images/KAI4_p049_02.png,,,,
KAI4_p049,49,3,left_top,data/images/KAI4_p049_03.png,,,,
KAI4_p049,49,4,left_bottom,data/images/KAI4_p049_04.png,,,,
KAI4_p050,50,1,right_top,data/images/KAI4_p050_01.png,,,,
KAI4_p050,50,2,right_bottom,data/images/KAI4_p050_02.png,,,,
KAI4_p050,50,3,left_top,data/images/KAI4_p050_03.png,,,,
KAI4_p050,50,4,left_bottom,data/images/KAI4_p050_04.png,,,,
KAI4_p051,51,1,right_top,data/images/KAI4_p051_01.png,,,,
KAI4_p051,51,2,right_bottom,data/images/KAI4_p051_02.png,,,,
KAI4_p051,51,3,left_top,data/images/KAI4_p051_03.png,,,,
KAI4_p051,51,4,left_bottom,data/images/KAI4_p051_04.png,,,,
KAI4_p052,52,1,right_top,data/images/KAI4_p052_01.png,,,,
KAI4_p052,52,2,right_bottom,data/images/KAI4_p052_02.png,,,,
KAI4_p052,52,3,left_top,data/images/KAI4_p052_03.png,,,,
KAI4_p052,52,4,left_bottom,data/images/KAI4_p052_04.png,,,,
KAI4_p053,53,1,right_top,data/images/KAI4_p053_01.png,,,,
KAI4_p053,53,2,right_bottom,data/images/KAI4_p053_02.png,,,,
KAI4_p053,53,3,left_top,data/images/KAI4_p053_03.png,,,,
KAI4_p053,53,4,left_bottom,data/images/KAI4_p053_04.png,,,,
KAI4_p054,54,1,right_top,data/images/KAI4_p054_01.png,,,,
KAI4_p054,54,2,right_bottom,data/images/KAI4_p054_02.png,,,,
KAI4_p054,54,3,left_top,data/images/KAI4_p054_03.png,,,,
KAI4_p054,54,4,left_bottom,data/images/KAI4_p054_04.png,,,,
KAI4_p055,55,1,right_top,data/images/KAI4_p055_01.png,,,,
KAI4_p055,55,2,right_bottom,data/images/KAI4_p055_02.png,,,,
KAI4_p055,55,3,left_top,data/images/KAI4_p055_03.png,,,,
KAI4_p055,55,4,left_bottom,data/images/KAI4_p055_04.png,,,,
KAI4_p056,56,1,right_top,data/images/KAI4_p056_01.png,,,,
KAI4_p056,56,2,right_bottom,data/images/KAI4_p056_02.png,,,,
KAI4_p056,56,3,left_top,data/images/KAI4_p056_03.png,,,,
KAI4_p056,56,4,left_bottom,data/images/KAI4_p056_04.png,,,,
KAI4_p057,57,1,right_top,data/images/KAI4_p057_01.png,,,,
KAI4_p057,57,2,right_bottom,data/images/KAI4_p057_02.png,,,,
KAI4_p057,57,3,left_top,data/images/KAI4_p057_03.png,,,,
KAI4_p057,57,4,left_bottom,data/images/KAI4_p057_04.png,,,,
KAI4_p058,58,1,right_top,data/images/KAI4_p058_01.png,,,,
KAI4_p058,58,2,right_bottom,data/images/KAI4_p058_02.png,,,,
KAI4_p058,58,3,left_top,data/images/KAI4_p058_03.png,,,,
KAI4_p058,58,4,left_bottom,data/images/KAI4_p058_04.png,,,,
KAI4_p059,59,1,right_top,data/images/KAI4_p059_01.png,,,,
KAI4_p059,59,2,right_bottom,data/images/KAI4_p059_02.png,,,,
KAI4_p059,59,3,left_top,data/images/KAI4_p059_03.png,,,,
KAI4_p059,59,4,left_bottom,data/images/KAI4_p059_04.png,,,,
KAI4_p060,60,1,right_top,data/images/KAI4_p060_01.png,,,,
KAI4_p060,60,2,right_bottom,data/images/KAI4_p060_02.png,,,,
KAI4_p060,60,3,left_top,data/images/KAI4_p060_03.png,,,,
KAI4_p060,60,4,left_bottom,data/images/KAI4_p060_04.png,,,,
KAI4_p061,61,1,right_top,data/images/KAI4_p061_01.png,,,,
KAI4_p061,61,2,right_bottom,data/images/KAI4_p061_02.png,,,,
KAI4_p061,61,3,left_top,data/images/KAI4_p061_03.png,,,,
KAI4_p061,61,4,left_bottom,data/images/KAI4_p061_04.png,,,,
KAI4_p062,62,1,right_top,data/images/KAI4_p062_01.png,,,,
KAI4_p062,62,2,right_bottom,data/images/KAI4_p062_02.png,,,,
KAI4_p062,62,3,left_top,data/images/KAI4_p062_03.png,,,,
KAI4_p062,62,4,left_bottom,data/images/KAI4_p062_04.png,,,,
KAI4_p063,63,1,right_top,data/images/KAI4_p063_01.png,,,,
KAI4_p063,63,2,right_bottom,data/images/KAI4_p063_02.png,,,,
KAI4_p063,63,3,left_top,data/images/KAI4_p063_03.png,,,,
KAI4_p063,63,4,left_bottom,data/images/KAI4_p063_04.png,,,,
KAI4_p064,64,1,right_top,data/images/KAI4_p064_01.png,,,,
KAI4_p064,64,2,right_bottom,data/images/KAI4_p064_02.png,,,,
KAI4_p064,64,3,left_top,data/images/KAI4_p064_03.png,,,,
KAI4_p064,64,4,left_bottom,data/images/KAI4_p064_04.png,,,,
KAI4_p065,65,1,right_top,data/images/KAI4_p065_01.png,,,,
KAI4_p065,65,2,right_bottom,data/images/KAI4_p065_02.png,,,,
KAI4_p065,65,3,left_top,data/images/KAI4_p065_03.png,,,,
KAI4_p065,65,4,left_bottom,data/images/KAI4_p065_04.png,,,,
KAI4_p066,66,1,right_top,data/images/KAI4_p066_01.png,,,,
KAI4_p066,66,2,right_bottom,data/images/KAI4_p066_02.png,,,,
KAI4_p066,66,3,left_top,data/images/KAI4_p066_03.png,,,,
KAI4_p066,66,4,left_bottom,data/images/KAI4_p066_04.png,,,,
KAI4_p067,67,1,right_top,data/images/KAI4_p067_01.png,,,,
KAI4_p067,67,2,right_bottom,data/images/KAI4_p067_02.png,,,,
KAI4_p067,67,3,left_top,data/images/KAI4_p067_03.png,,,,
KAI4_p067,67,4,left_bottom,data/images/KAI4_p067_04.png,,,,
KAI4_p068,68,1,right_top,data/images/KAI4_p068_01.png,,,,
KAI4_p068,68,2,right_bottom,data/images/KAI4_p068_02.png,,,,
KAI4_p068,68,3,left_top,data/images/KAI4_p068_03.png,,,,
KAI4_p068,68,4,left_bottom,data/images/KAI4_p068_04.png,,,,
KAI4_p069,69,1,right_top,data/images/KAI4_p069_01.png,,,,
KAI4_p069,69,2,right_bottom,data/images/KAI4_p069_02.png,,,,
KAI4_p069,69,3,left_top,data/images/KAI4_p069_03.png,,,,
KAI4_p069,69,4,left_bottom,data/images/KAI4_p069_04.png,,,,
KAI4_p070,70,1,right_top,data/images/KAI4_p070_01.png,,,,
KAI4_p070,70,2,right_bottom,data/images/KAI4_p070_02.png,,,,
KAI4_p070,70,3,left_top,data/images/KAI4_p070_03.png,,,,
KAI4_p070,70,4,left_bottom,data/images/KAI4_p070_04.png,,,,
KAI4_p071,71,1,right_top,data/images/KAI4_p071_01.png,,,,
KAI4_p071,71,2,right_bottom,data/images/KAI4_p071_02.png,,,,
KAI4_p071,71,3,left_top,data/images/KAI4_p071_03.png,,,,
KAI4_p071,71,4,left_bottom,data/images/KAI4_p071_04.png,,,,
KAI4_p072,72,1,right_top,data/images/KAI4_p072_01.png,,,,
KAI4_p072,72,2,right_bottom,data/images/KAI4_p072_02.png,,,,
KAI4_p072,72,3,left_top,data/images/KAI4_p072_03.png,,,,
KAI4_p072,72,4,left_bottom,data/images/KAI4_p072_04.png,,,,
KAI4_p073,73,1,right_top,data/images/KAI4_p073_01.png,,,,
KAI4_p073,73,2,right_bottom,data/images/KAI4_p073_02.png,,,,
KAI4_p073,73,3,left_top,data/images/KAI4_p073_03.png,,,,
KAI4_p073,73,4,left_bottom,data/images/KAI4_p073_04.png,,,,
KAI4_p074,74,1,right_top,data/images/KAI4_p074_01.png,,,,
KAI4_p074,74,2,right_bottom,data/images/KAI4_p074_02.png,,,,
KAI4_p074,74,3,left_top,data/images/KAI4_p074_03.png,,,,
KAI4_p074,74,4,left_bottom,data/images/KAI4_p074_04.png,,,,
KAI4_p075,75,1,right_top,data/images/KAI4_p075_01.png,,,,
KAI4_p075,75,2,right_bottom,data/images/KAI4_p075_02.png,,,,
KAI4_p075,75,3,left_top,data/images/KAI4_p075_03.png,,,,
KAI4_p075,75,4,left_bottom,data/images/KAI4_p075_04.png,,,,
KAI4_p076,76,1,right_top,data/images/KAI4_p076_01.png,,,,
KAI4_p076,76,2,right_bottom,data/images/KAI4_p076_02.png,,,,
KAI4_p076,76,3,left_top,data/images/KAI4_p076_03.png,,,,
KAI4_p076,76,4,left_bottom,data/images/KAI4_p076_04.png,,,,
KAI4_p077,77,1,right_top,data/images/KAI4_p077_01.png,,,,
KAI4_p077,77,2,right_bottom,data/images/KAI4_p077_02.png,,,,
KAI4_p077,77,3,left_top,data/images/KAI4_p077_03.png,,,,
KAI4_p077,77,4,left_bottom,data/images/KAI4_p077_04.png,,,,
KAI4_p078,78,1,right_top,data/images/KAI4_p078_01.png,,,,
KAI4_p078,78,2,right_bottom,data/images/KAI4_p078_02.png,,,,
KAI4_p078,78,3,left_top,data/images/KAI4_p078_03.png,,,,
KAI4_p078,78,4,left_bottom,data/images/KAI4_p078_04.png,,,,
KAI4_p079,79,1,right_top,data/images/KAI4_p079_01.png,,,,
KAI4_p079,79,2,right_bottom,data/images/KAI4_p079_02.png,,,,
KAI4_p079,79,3,left_top,data/images/KAI4_p079_03.png,,,,
KAI4_p079,79,4,left_bottom,data/images/KAI4_p079_04.png,,,,
KAI4_p080,80,1,right_top,data/images/KAI4_p080_01.png,,,,
KAI4_p080,80,2,right_bottom,data/images/KAI4_p080_02.png,,,,
KAI4_p080,80,3,left_top,data/images/KAI4_p080_03.png,,,,
KAI4_p080,80,4,left_bottom,data/images/KAI4_p080_04.png,,,,
KAI4_p081,81,1,right_top,data/images/KAI4_p081_01.png,,,,
KAI4_p081,81,2,right_bottom,data/images/KAI4_p081_02.png,,,,
KAI4_p081,81,3,left_top,data/images/KAI4_p081_03.png,,,,
KAI4_p081,81,4,left_bottom,data/images/KAI4_p081_04.png,,,,
KAI4_p082,82,1,right_top,data/images/KAI4_p082_01.png,,,,
KAI4_p082,82,2,right_bottom,data/images/KAI4_p082_02.png,,,,
KAI4_p082,82,3,left_top,data/images/KAI4_p082_03.png,,,,
KAI4_p082,82,4,left_bottom,data/images/KAI4_p082_04.png,,,,
KAI4_p083,83,1,right_top,data/images/KAI4_p083_01.png,,,,
KAI4_p083,83,2,right_bottom,data/images/KAI4_p083_02.png,,,,
KAI4_p083,83,3,left_top,data/images/KAI4_p083_03.png,,,,
KAI4_p083,83,4,left_bottom,data/images/KAI4_p083_04.png,,,,
KAI4_p084,84,1,right_top,data/images/KAI4_p084_01.png,,,,
KAI4_p084,84,2,right_bottom,data/images/KAI4_p084_02.png,,,,
KAI4_p084,84,3,left_top,data/images/KAI4_p084_03.png,,,,
KAI4_p084,84,4,left_bottom,data/images/KAI4_p084_04.png,,,,
KAI4_p085,85,1,right_top,data/images/KAI4_p085_01.png,,,,
KAI4_p085,85,2,right_bottom,data/images/KAI4_p085_02.png,,,,
KAI4_p085,85,3,left_top,data/images/KAI4_p085_03.png,,,,
KAI4_p085,85,4,left_bottom,data/images/KAI4_p085_04.png,,,,
KAI4_p086,86,1,right_top,data/images/KAI4_p086_01.png,,,,
KAI4_p086,86,2,right_bottom,data/images/KAI4_p086_02.png,,,,
KAI4_p086,86,3,left_top,data/images/KAI4_p086_03.png,,,,
KAI4_p086,86,4,left_bottom,data/images/KAI4_p086_04.png,,,,
KAI4_p087,87,1,right_top,data/images/KAI4_p087_01.png,,,,
KAI4_p087,87,2,right_bottom,data/images/KAI4_p087_02.png,,,,
KAI4_p087,87,3,left_top,data/images/KAI4_p087_03.png,,,,
KAI4_p087,87,4,left_bottom,data/images/KAI4_p087_04.png,,,,
KAI4_p088,88,1,right_top,data/images/KAI4_p088_01.png,,,,
KAI4_p088,88,2,right_bottom,data/images/KAI4_p088_02.png,,,,
KAI4_p088,88,3,left_top,data/images/KAI4_p088_03.png,,,,
KAI4_p088,88,4,left_bottom,data/images/KAI4_p088_04.png,,,,
KAI4_p089,89,1,right_top,data/images/KAI4_p089_01.png,,,,
KAI4_p089,89,2,right_bottom,data/images/KAI4_p089_02.png,,,,
KAI4_p089,89,3,left_top,data/images/KAI4_p089_03.png,,,,
KAI4_p089,89,4,left_bottom,data/images/KAI4_p089_04.png,,,,
KAI4_p090,90,1,right_top,data/images/KAI4_p090_01.png,,,,
KAI4_p090,90,2,right_bottom,data/images/KAI4_p090_02.png,,,,
KAI4_p090,90,3,left_top,data/images/KAI4_p090_03.png,,,,
KAI4_p090,90,4,left_bottom,data/images/KAI4_p090_04.png,,,,
KAI4_p091,91,1,right_top,data/images/KAI4_p091_01.png,,,,
KAI4_p091,91,2,right_bottom,data/images/KAI4_p091_02.png,,,,
KAI4_p091,91,3,left_top,data/images/KAI4_p091_03.png,,,,
KAI4_p091,91,4,left_bottom,data/images/KAI4_p091_04.png,,,,
KAI4_p092,92,1,right_top,data/images/KAI4_p092_01.png,,,,
KAI4_p092,92,2,right_bottom,data/images/KAI4_p092_02.png,,,,
KAI4_p092,92,3,left_top,data/images/KAI4_p092_03.png,,,,
KAI4_p092,92,4,left_bottom,data/images/KAI4_p092_04.png,,,,
KAI4_p093,93,1,right_top,data/images/KAI4_p093_01.png,,,,
KAI4_p093,93,2,right_bottom,data/images/KAI4_p093_02.png,,,,
KAI4_p093,93,3,left_top,data/images/KAI4_p093_03.png,,,,
KAI4_p093,93,4,left_bottom,data/images/KAI4_p093_04.png,,,,
KAI4_p094,94,1,right_top,data/images/KAI4_p094_01.png,,,,
KAI4_p094,94,2,right_bottom,data/images/KAI4_p094_02.png,,,,
KAI4_p094,94,3,left_top,data/images/KAI4_p094_03.png,,,,
KAI4_p094,94,4,left_bottom,data/images/KAI4_p094_04.png,,,,
KAI4_p095,95,1,right_top,data/images/KAI4_p095_01.png,,,,
KAI4_p095,95,2,right_bottom,data/images/KAI4_p095_02.png,,,,
KAI4_p095,95,3,left_top,data/images/KAI4_p095_03.png,,,,
KAI4_p095,95,4,left_bottom,data/images/KAI4_p095_04.png,,,,
KAI4_p096,96,1,right_top,data/images/KAI4_p096_01.png,,,,
KAI4_p096,96,2,right_bottom,data/images/KAI4_p096_02.png,,,,
KAI4_p096,96,3,left_top,data/images/KAI4_p096_03.png,,,,
KAI4_p096,96,4,left_bottom,data/images/KAI4_p096_04.png,,,,
KAI4_p097,97,1,right_top,data/images/KAI4_p097_01.png,,,,
KAI4_p097,97,2,right_bottom,data/images/KAI4_p097_02.png,,,,
KAI4_p097,97,3,left_top,data/images/KAI4_p097_03.png,,,,
KAI4_p097,97,4,left_bottom,data/images/KAI4_p097_04.png,,,,
KAI4_p098,98,1,right_top,data/images/KAI4_p098_01.png,,,,
KAI4_p098,98,2,right_bottom,data/images/KAI4_p098_02.png,,,,
KAI4_p098,98,3,left_top,data/images/KAI4_p098_03.png,,,,
KAI4_p098,98,4,left_bottom,data/images/KAI4_p098_04.png,,,,
KAI4_p099,99,1,right_top,data/images/KAI4_p099_01.png,,,,
KAI4_p099,99,2,right_bottom,data/images/KAI4_p099_02.png,,,,
KAI4_p099,99,3,left_top,data/images/KAI4_p099_03.png,,,,
KAI4_p099,99,4,left_bottom,data/images/KAI4_p099_04.png,,,,
KAI4_p100,100,1,right_top,data/images/KAI4_p100_01.png,,,,
KAI4_p100,100,2,right_bottom,data/images/KAI4_p100_02.png,,,,
KAI4_p100,100,3,left_top,data/images/KAI4_p100_03.png,,,,
KAI4_p100,100,4,left_bottom,data/images/KAI4_p100_04.png,,,,
KAI4_p101,101,1,right_top,data/images/KAI4_p101_01.png,,,,
KAI4_p101,101,2,right_bottom,data/images/KAI4_p101_02.png,,,,
KAI4_p101,101,3,left_top,data/images/KAI4_p101_03.png,,,,
KAI4_p101,101,4,left_bottom,data/images/KAI4_p101_04.png,,,,
KAI4_p102,102,1,right_top,data/images/KAI4_p102_01.png,,,,
KAI4_p102,102,2,right_bottom,data/images/KAI4_p102_02.png,,,,
KAI4_p102,102,3,left_top,data/images/KAI4_p102_03.png,,,,
KAI4_p102,102,4,left_bottom,data/images/KAI4_p102_04.png,,,,
KAI4_p103,103,1,right_top,data/images/KAI4_p103_01.png,,,,
KAI4_p103,103,2,right_bottom,data/images/KAI4_p103_02.png,,,,
KAI4_p103,103,3,left_top,data/images/KAI4_p103_03.png,,,,
KAI4_p103,103,4,left_bottom,data/images/KAI4_p103_04.png,,,,
KAI4_p104,104,1,right_top,data/images/KAI4_p104_01.png,,,,
KAI4_p104,104,2,right_bottom,data/images/KAI4_p104_02.png,,,,
KAI4_p104,104,3,left_top,data/images/KAI4_p104_03.png,,,,
KAI4_p104,104,4,left_bottom,data/images/KAI4_p104_04.png,,,,
KAI4_p105,105,1,right_top,data/images/KAI4_p105_01.png,,,,
KAI4_p105,105,2,right_bottom,data/images/KAI4_p105_02.png,,,,
KAI4_p105,105,3,left_top,data/images/KAI4_p105_03.png,,,,
KAI4_p105,105,4,left_bottom,data/images/KAI4_p105_04.png,,,,
KAI4_p106,106,1,right_top,data/images/KAI4_p106_01.png,,,,
KAI4_p106,106,2,right_bottom,data/images/KAI4_p106_02.png,,,,
KAI4_p106,106,3,left_top,data/images/KAI4_p106_03.png,,,,
KAI4_p106,106,4,left_bottom,data/images/KAI4_p106_04.png,,,,
KAI4_p107,107,1,right_top,data/images/KAI4_p107_01.png,,,,
KAI4_p107,107,2,right_bottom,data/images/KAI4_p107_02.png,,,,
KAI4_p107,107,3,left_top,data/images/KAI4_p107_03.png,,,,
KAI4_p107,107,4,left_bottom,data/images/KAI4_p107_04.png,,,,
KAI4_p108,108,1,right_top,data/images/KAI4_p108_01.png,,,,
KAI4_p108,108,2,right_bottom,data/images/KAI4_p108_02.png,,,,
KAI4_p108,108,3,left_top,data/images/KAI4_p108_03.png,,,,
KAI4_p108,108,4,left_bottom,data/images/KAI4_p108_04.png,,,,
KAI4_p109,109,1,right_top,data/images/KAI4_p109_01.png,,,,
KAI4_p109,109,2,right_bottom,data/images/KAI4_p109_02.png,,,,
KAI4_p109,109,3,left_top,data/images/KAI4_p109_03.png,,,,
KAI4_p109,109,4,left_bottom,data/images/KAI4_p109_04.png,,,,
KAI4_p110,110,1,right_top,data/images/KAI4_p110_01.png,,,,
KAI4_p110,110,2,right_bottom,data/images/KAI4_p110_02.png,,,,
KAI4_p110,110,3,left_top,data/images/KAI4_p110_03.png,,,,
KAI4_p110,110,4,left_bottom,data/images/KAI4_p110_04.png,,,,
KAI4_p111,111,1,right_top,data/images/KAI4_p111_01.png,,,,
KAI4_p111,111,2,right_bottom,data/images/KAI4_p111_02.png,,,,
KAI4_p111,111,3,left_top,data/images/KAI4_p111_03.png,,,,
KAI4_p111,111,4,left_bottom,data/images/KAI4_p111_04.png,,,,
KAI4_p112,112,1,right_top,data/images/KAI4_p112_01.png,,,,
KAI4_p112,112,2,right_bottom,data/images/KAI4_p112_02.png,,,,
KAI4_p112,112,3,left_top,data/images/KAI4_p112_03.png,,,,
KAI4_p112,112,4,left_bottom,data/images/KAI4_p112_04.png,,,,
KAI4_p113,113,1,right_top,data/images/KAI4_p113_01.png,,,,
KAI4_p113,113,2,right_bottom,data/images/KAI4_p113_02.png,,,,
KAI4_p113,113,3,left_top,data/images/KAI4_p113_03.png,,,,
KAI4_p113,113,4,left_bottom,data/images/KAI4_p113_04.png,,,,
KAI4_p114,114,1,right_top,data/images/KAI4_p114_01.png,,,,
KAI4_p114,114,2,right_bottom,data/images/KAI4_p114_02.png,,,,
KAI4_p114,114,3,left_top,data/images/KAI4_p114_03.png,,,,
KAI4_p114,114,4,left_bottom,data/images/KAI4_p114_04.png,,,,
KAI4_p115,115,1,right_top,data/images/KAI4_p115_01.png,,,,
KAI4_p115,115,2,right_bottom,data/images/KAI4_p115_02.png,,,,
KAI4_p115,115,3,left_top,data/images/KAI4_p115_03.png,,,,
KAI4_p115,115,4,left_bottom,data/images/KAI4_p115_04.png,,,,
KAI4_p116,116,1,right_top,data/images/KAI4_p116_01.png,,,,
KAI4_p116,116,2,right_bottom,data/images/KAI4_p116_02.png,,,,
KAI4_p116,116,3,left_top,data/images/KAI4_p116_03.png,,,,
KAI4_p116,116,4,left_bottom,data/images/KAI4_p116_04.png,,,,
KAI4_p117,117,1,right_top,data/images/KAI4_p117_01.png,,,,
KAI4_p117,117,2,right_bottom,data/images/KAI4_p117_02.png,,,,
KAI4_p117,117,3,left_top,data/images/KAI4_p117_03.png,,,,
KAI4_p117,117,4,left_bottom,data/images/KAI4_p117_04.png,,,,
KAI4_p118,118,1,right_top,data/images/KAI4_p118_01.png,,,,
KAI4_p118,118,2,right_bottom,data/images/KAI4_p118_02.png,,,,
KAI4_p118,118,3,left_top,data/images/KAI4_p118_03.png,,,,
KAI4_p118,118,4,left_bottom,data/images/KAI4_p118_04.png,,,,
KAI4_p119,119,1,right_top,data/images/KAI4_p119_01.png,,,,
KAI4_p119,119,2,right_bottom,data/images/KAI4_p119_02.png,,,,
KAI4_p119,119,3,left_top,data/images/KAI4_p119_03.png,,,,
KAI4_p119,119,4,left_bottom,data/images/KAI4_p119_04.png,,,,
KAI4_p120,120,1,right_top,data/images/KAI4_p120_01.png,,,,
KAI4_p120,120,2,right_bottom,data/images/KAI4_p120_02.png,,,,
KAI4_p120,120,3,left_top,data/images/KAI4_p120_03.png,,,,
KAI4_p120,120,4,left_bottom,data/images/KAI4_p120_04.png,,,,
KAI4_p121,121,1,right_top,data/images/KAI4_p121_01.png,,,,
KAI4_p121,121,2,right_bottom,data/images/KAI4_p121_02.png,,,,
KAI4_p121,121,3,left_top,data/images/KAI4_p121_03.png,,,,
KAI4_p121,121,4,left_bottom,data/images/KAI4_p121_04.png,,,,
KAI4_p122,122,1,right_top,data/images/KAI4_p122_01.png,,,,
KAI4_p122,122,2,right_bottom,data/images/KAI4_p122_02.png,,,,
KAI4_p122,122,3,left_top,data/images/KAI4_p122_03.png,,,,
KAI4_p122,122,4,left_bottom,data/images/KAI4_p122_04.png,,,,
KAI4_p123,123,1,right_top,data/images/KAI4_p123_01.png,,,,
KAI4_p123,123,2,right_bottom,data/images/KAI4_p123_02.png,,,,
KAI4_p123,123,3,left_top,data/images/KAI4_p123_03.png,,,,
KAI4_p123,123,4,left_bottom,data/images/KAI4_p123_04.png,,,,
KAI4_p124,124,1,right_top,data/images/KAI4_p124_01.png,,,,
KAI4_p124,124,2,right_bottom,data/images/KAI4_p124_02.png,,,,
KAI4_p124,124,3,left_top,data/images/KAI4_p124_03.png,,,,
KAI4_p124,124,4,left_bottom,data/images/KAI4_p124_04.png,,,,
KAI4_p125,125,1,right_top,data/images/KAI4_p125_01.png,,,,
KAI4_p125,125,2,right_bottom,data/images/KAI4_p125_02.png,,,,
KAI4_p125,125,3,left_top,data/images/KAI4_p125_03.png,,,,
KAI4_p125,125,4,left_bottom,data/images/KAI4_p125_04.png,,,,
KAI4_p126,126,1,right_top,data/images/KAI4_p126_01.png,,,,
KAI4_p126,126,2,right_bottom,data/images/KAI4_p126_02.png,,,,
KAI4_p126,126,3,left_top,data/images/KAI4_p126_03.png,,,,
KAI4_p126,126,4,left_bottom,data/images/KAI4_p126_04.png,,,,
KAI4_p127,127,1,right_top,data/images/KAI4_p127_01.png,,,,
KAI4_p127,127,2,right_bottom,data/images/KAI4_p127_02.png,,,,
KAI4_p127,127,3,left_top,data/images/KAI4_p127_03.png,,,,
KAI4_p127,127,4,left_bottom,data/images/KAI4_p127_04.png,,,,
KAI4_p128,128,1,right_top,data/images/KAI4_p128_01.png,,,,
KAI4_p128,128,2,right_bottom,data/images/KAI4_p128_02.png,,,,
KAI4_p128,128,3,left_top,data/images/KAI4_p128_03.png,,,,
KAI4_p128,128,4,left_bottom,data/images/KAI4_p128_04.png,,,,
KAI4_p129,129,1,right_top,data/images/KAI4_p129_01.png,,,,
KAI4_p129,129,2,right_bottom,data/images/KAI4_p129_02.png,,,,
KAI4_p129,129,3,left_top,data/images/KAI4_p129_03.png,,,,
KAI4_p129,129,4,left_bottom,data/images/KAI4_p129_04.png,,,,
KAI4_p130,130,1,right_top,data/images/KAI4_p130_01.png,,,,
KAI4_p130,130,2,right_bottom,data/images/KAI4_p130_02.png,,,,
KAI4_p130,130,3,left_top,data/images/KAI4_p130_03.png,,,,
KAI4_p130,130,4,left_bottom,data/images/KAI4_p130_04.png,,,,
KAI4_p131,131,1,right_top,data/images/KAI4_p131_01.png,,,,
KAI4_p131,131,2,right_bottom,data/images/KAI4_p131_02.png,,,,
KAI4_p131,131,3,left_top,data/images/KAI4_p131_03.png,,,,
KAI4_p131,131,4,left_bottom,data/images/KAI4_p131_04.png,,,,
KAI4_p132,132,1,right_top,data/images/KAI4_p132_01.png,,,,
KAI4_p132,132,2,right_bottom,data/images/KAI4_p132_02.png,,,,
KAI4_p132,132,3,left_top,data/images/KAI4_p132_03.png,,,,
KAI4_p132,132,4,left_bottom,data/images/KAI4_p132_04.png,,,,
KAI4_p133,133,1,right_top,data/images/KAI4_p133_01.png,,,,
KAI4_p133,133,2,right_bottom,data/images/KAI4_p133_02.png,,,,
KAI4_p133,133,3,left_top,data/images/KAI4_p133_03.png,,,,
KAI4_p133,133,4,left_bottom,data/images/KAI4_p133_04.png,,,,
KAI4_p134,134,1,right_top,data/images/KAI4_p134_01.png,,,,
KAI4_p134,134,2,right_bottom,data/images/KAI4_p134_02.png,,,,
KAI4_p134,134,3,left_top,data/images/KAI4_p134_03.png,,,,
KAI4_p134,134,4,left_bottom,data/images/KAI4_p134_04.png,,,,
KAI4_p135,135,1,right_top,data/images/KAI4_p135_01.png,,,,
KAI4_p135,135,2,right_bottom,data/images/KAI4_p135_02.png,,,,
KAI4_p135,135,3,left_top,data/images/KAI4_p135_03.png,,,,
KAI4_p135,135,4,left_bottom,data/images/KAI4_p135_04.png,,,,
KAI4_p136,136,1,right_top,data/images/KAI4_p136_01.png,,,,
KAI4_p136,136,2,right_bottom,data/images/KAI4_p136_02.png,,,,
KAI4_p136,136,3,left_top,data/images/KAI4_p136_03.png,,,,
KAI4_p136,136,4,left_bottom,data/images/KAI4_p136_04.png,,,,
KAI4_p137,137,1,right_top,data/images/KAI4_p137_01.png,,,,
KAI4_p137,137,2,right_bottom,data/images/KAI4_p137_02.png,,,,
KAI4_p137,137,3,left_top,data/images/KAI4_p137_03.png,,,,
KAI4_p137,137,4,left_bottom,data/images/KAI4_p137_04.png,,,,
KAI4_p138,138,1,right_top,data/images/KAI4_p138_01.png,,,,
KAI4_p138,138,2,right_bottom,data/images/KAI4_p138_02.png,,,,
KAI4_p138,138,3,left_top,data/images/KAI4_p138_03.png,,,,
KAI4_p138,138,4,left_bottom,data/images/KAI4_p138_04.png,,,,
KAI4_p139,139,1,right_top,data/images/KAI4_p139_01.png,,,,
KAI4_p139,139,2,right_bottom,data/images/KAI4_p139_02.png,,,,
KAI4_p139,139,3,left_top,data/images/KAI4_p139_03.png,,,,
KAI4_p139,139,4,left_bottom,data/images/KAI4_p139_04.png,,,,
KAI4_p140,140,1,right_top,data/images/KAI4_p140_01.png,,,,
KAI4_p140,140,2,right_bottom,data/images/KAI4_p140_02.png,,,,
KAI4_p140,140,3,left_top,data/images/KAI4_p140_03.png,,,,
KAI4_p140,140,4,left_bottom,data/images/KAI4_p140_04.png,,,,
KAI4_p141,141,1,right_top,data/images/KAI4_p141_01.png,,,,
KAI4_p141,141,2,right_bottom,data/images/KAI4_p141_02.png,,,,
KAI4_p141,141,3,left_top,data/images/KAI4_p141_03.png,,,,
KAI4_p141,141,4,left_bottom,data/images/KAI4_p141_04.png,,,,
KAI4_p142,142,1,right_top,data/images/KAI4_p142_01.png,,,,
KAI4_p142,142,2,right_bottom,data/images/KAI4_p142_02.png,,,,
KAI4_p142,142,3,left_top,data/images/KAI4_p142_03.png,,,,
KAI4_p142,142,4,left_bottom,data/images/KAI4_p142_04.png,,,,
KAI4_p143,143,1,right_top,data/images/KAI4_p143_01.png,,,,
KAI4_p143,143,2,right_bottom,data/images/KAI4_p143_02.png,,,,
KAI4_p143,143,3,left_top,data/images/KAI4_p143_03.png,,,,
KAI4_p143,143,4,left_bottom,data/images/KAI4_p143_04.png,,,,
KAI4_p144,144,1,right_top,data/images/KAI4_p144_01.png,,,,
KAI4_p144,144,2,right_bottom,data/images/KAI4_p144_02.png,,,,
KAI4_p144,144,3,left_top,data/images/KAI4_p144_03.png,,,,
KAI4_p144,144,4,left_bottom,data/images/KAI4_p144_04.png,,,,
KAI4_p145,145,1,right_top,data/images/KAI4_p145_01.png,,,,
KAI4_p145,145,2,right_bottom,data/images/KAI4_p145_02.png,,,,
KAI4_p145,145,3,left_top,data/images/KAI4_p145_03.png,,,,
KAI4_p145,145,4,left_bottom,data/images/KAI4_p145_04.png,,,,
KAI4_p146,146,1,right_top,data/images/KAI4_p146_01.png,,,,
KAI4_p146,146,2,right_bottom,data/images/KAI4_p146_02.png,,,,
KAI4_p146,146,3,left_top,data/images/KAI4_p146_03.png,,,,
KAI4_p146,146,4,left_bottom,data/images/KAI4_p146_04.png,,,,
KAI4_p147,147,1,right_top,data/images/KAI4_p147_01.png,,,,
KAI4_p147,147,2,right_bottom,data/images/KAI4_p147_02.png,,,,
KAI4_p147,147,3,left_top,data/images/KAI4_p147_03.png,,,,
KAI4_p147,147,4,left_bottom,data/images/KAI4_p147_04.png,,,,
KAI4_p148,148,1,right_top,data/images/KAI4_p148_01.png,,,,
KAI4_p148,148,2,right_bottom,data/images/KAI4_p148_02.png,,,,
KAI4_p148,148,3,left_top,data/images/KAI4_p148_03.png,,,,
KAI4_p148,148,4,left_bottom,data/images/KAI4_p148_04.png,,,,
KAI4_p149,149,1,right_top,data/images/KAI4_p149_01.png,,,,
KAI4_p149,149,2,right_bottom,data/images/KAI4_p149_02.png,,,,
KAI4_p149,149,3,left_top,data/images/KAI4_p149_03.png,,,,
KAI4_p149,149,4,left_bottom,data/images/KAI4_p149_04.png,,,,
KAI4_p150,150,1,right_top,data/images/KAI4_p150_01.png,,,,
KAI4_p150,150,2,right_bottom,data/images/KAI4_p150_02.png,,,,
KAI4_p150,150,3,left_top,data/images/KAI4_p150_03.png,,,,
KAI4_p150,150,4,left_bottom,data/images/KAI4_p150_04.png,,,,
KAI4_p151,151,1,right_top,data/images/KAI4_p151_01.png,,,,
KAI4_p151,151,2,right_bottom,data/images/KAI4_p151_02.png,,,,
KAI4_p151,151,3,left_top,data/images/KAI4_p151_03.png,,,,
KAI4_p151,151,4,left_bottom,data/images/KAI4_p151_04.png,,,,
KAI4_p152,152,1,right_top,data/images/KAI4_p152_01.png,,,,
KAI4_p152,152,2,right_bottom,data/images/KAI4_p152_02.png,,,,
KAI4_p152,152,3,left_top,data/images/KAI4_p152_03.png,,,,
KAI4_p152,152,4,left_bottom,data/images/KAI4_p152_04.png,,,,
KAI4_p153,153,1,right_top,data/images/KAI4_p153_01.png,,,,
KAI4_p153,153,2,right_bottom,data/images/KAI4_p153_02.png,,,,
KAI4_p153,153,3,left_top,data/images/KAI4_p153_03.png,,,,
KAI4_p153,153,4,left_bottom,data/images/KAI4_p153_04.png,,,,
KAI4_p154,154,1,right_top,data/images/KAI4_p154_01.png,,,,
KAI4_p154,154,2,right_bottom,data/images/KAI4_p154_02.png,,,,
KAI4_p154,154,3,left_top,data/images/KAI4_p154_03.png,,,,
KAI4_p154,154,4,left_bottom,data/images/KAI4_p154_04.png,,,,
KAI4_p155,155,1,right_top,data/images/KAI4_p155_01.png,,,,
KAI4_p155,155,2,right_bottom,data/images/KAI4_p155_02.png,,,,
KAI4_p155,155,3,left_top,data/images/KAI4_p155_03.png,,,,
KAI4_p155,155,4,left_bottom,data/images/KAI4_p155_04.png,,,,
KAI4_p156,156,1,right_top,data/images/KAI4_p156_01.png,,,,
KAI4_p156,156,2,right_bottom,data/images/KAI4_p156_02.png,,,,
KAI4_p156,156,3,left_top,data/images/KAI4_p156_03.png,,,,
KAI4_p156,156,4,left_bottom,data/images/KAI4_p156_04.png,,,,
KAI4_p157,157,1,right_top,data/images/KAI4_p157_01.png,,,,
KAI4_p157,157,2,right_bottom,data/images/KAI4_p157_02.png,,,,
KAI4_p157,157,3,left_top,data/images/KAI4_p157_03.png,,,,
KAI4_p157,157,4,left_bottom,data/images/KAI4_p157_04.png,,,,
KAI4_p158,158,1,right_top,data/images/KAI4_p158_01.png,,,,
KAI4_p158,158,2,right_bottom,data/images/KAI4_p158_02.png,,,,
KAI4_p158,158,3,left_top,data/images/KAI4_p158_03.png,,,,
KAI4_p158,158,4,left_bottom,data/images/KAI4_p158_04.png,,,,
KAI4_p159,159,1,right_top,data/images/KAI4_p159_01.png,,,,
KAI4_p159,159,2,right_bottom,data/images/KAI4_p159_02.png,,,,
KAI4_p159,159,3,left_top,data/images/KAI4_p159_03.png,,,,
KAI4_p159,159,4,left_bottom,data/images/KAI4_p159_04.png,,,,
